{"player_name":"sasuke9587","premium_time":1589394914,"trial_time":1584265521,"facebook_like":0,"autofarm_settings":{"autostart":true,"method":300,"timebetween":9,"skipwhenfull":true,"lowresfirst":true,"stoplootbelow":true},"autoculture_settings":{"autostart":false,"towns":{"10721":{"party":false,"triumph":false,"theater":false},"11886":{"party":false,"triumph":false,"theater":true},"12016":{"party":true,"triumph":false,"theater":true},"12536":{"party":false,"triumph":false,"theater":false}}},"autobuild_settings":{"autostart":true,"enable_building":true,"enable_units":true,"enable_ships":true,"timeinterval":120,"instant_buy":false},"assistant_settings":{"town_names":true,"player_name":true,"alliance_name":true,"auto_relogin":0},"building_queue":{"10721":[{"id":2949970,"player_id":92520,"player_world":"es113","town_id":10721,"type":"building","item_name":"wall","count":1,"added":"2023-02-18T14:33:38.000Z"},{"id":2951637,"player_id":92520,"player_world":"es113","town_id":10721,"type":"building","item_name":"farm","count":1,"added":"2023-02-19T15:11:26.000Z"},{"id":2951638,"player_id":92520,"player_world":"es113","town_id":10721,"type":"building","item_name":"farm","count":1,"added":"2023-02-19T15:11:27.000Z"},{"id":2953262,"player_id":92520,"player_world":"es113","town_id":10721,"type":"building","item_name":"farm","count":1,"added":"2023-02-20T19:35:39.000Z"}],"11886":[{"id":2953261,"player_id":92520,"player_world":"es113","town_id":11886,"type":"building","item_name":"farm","count":1,"added":"2023-02-20T19:35:35.000Z"}],"12016":[{"id":2953268,"player_id":92520,"player_world":"es113","town_id":12016,"type":"building","item_name":"farm","count":1,"added":"2023-02-20T19:35:49.000Z"},{"id":2953269,"player_id":92520,"player_world":"es113","town_id":12016,"type":"building","item_name":"farm","count":1,"added":"2023-02-20T19:35:54.000Z"},{"id":2953270,"player_id":92520,"player_world":"es113","town_id":12016,"type":"building","item_name":"farm","count":1,"added":"2023-02-20T19:35:55.000Z"},{"id":2953271,"player_id":92520,"player_world":"es113","town_id":12016,"type":"building","item_name":"wall","count":1,"added":"2023-02-20T19:35:55.000Z"}],"12536":[{"id":2953265,"player_id":92520,"player_world":"es113","town_id":12536,"type":"building","item_name":"farm","count":1,"added":"2023-02-20T19:35:44.000Z"},{"id":2953264,"player_id":92520,"player_world":"es113","town_id":12536,"type":"building","item_name":"farm","count":1,"added":"2023-02-20T19:35:44.000Z"},{"id":2953266,"player_id":92520,"player_world":"es113","town_id":12536,"type":"building","item_name":"farm","count":1,"added":"2023-02-20T19:35:45.000Z"},{"id":2953267,"player_id":92520,"player_world":"es113","town_id":12536,"type":"building","item_name":"farm","count":1,"added":"2023-02-20T19:35:45.000Z"}]},"units_queue":{},"ships_queue":{}}