{"json":{"menu":"{\n\"upgrade_buildings\":{\"id\":\"upgrade_buildings\",\"className\":\"active\",\"name\":\"Ampliaci\\u00f3n\"}    ,\"tear_down_buildings\":{\"id\":\"tear_down_buildings\",\"onclick\":\"sendMessage(\\\"BuildingMain.tearDownClick()\\\")\",\"name\":\"Demolici\\u00f3n\"}}\n","html":"\n<script type=\"text\/javascript\">\n    \/\/<![CDATA[\n\n    BuildingMain.special_buildings_combined_group = {};\n    $.extend(BuildingMain.special_buildings_combined_group, {\"theater\":{\"name\":\"Teatro\",\"description\":\"Si construyes un teatro, podr\\u00e1s representar grandes dramas para el disfrute de la poblaci\\u00f3n y, con ello, aumentar\\u00e1s el valor cultural de tu polis.\",\"level\":0,\"current_level\":0,\"next_level\":1,\"get_dependencies\":{\"main\":{\"needed_level\":24,\"name\":\"Senado\"},\"lumber\":{\"needed_level\":35,\"name\":\"Aserradero\"},\"ironer\":{\"needed_level\":32,\"name\":\"Mina de plata\"},\"docks\":{\"needed_level\":5,\"name\":\"Puerto\"}},\"can_upgrade\":false,\"can_upgrade_reduced\":false,\"enough_population\":true,\"max_level\":false,\"can_tear_down\":false,\"needed_resources\":{\"wood\":8000,\"stone\":8000,\"iron\":8000},\"needed_resources_reduced\":{\"wood\":6000,\"stone\":6000,\"iron\":6000},\"enough_resources\":false,\"enough_storage\":true,\"pop\":60,\"pop_tear_down\":0,\"build_time\":\"02:56:48\",\"tear_down_time\":\"00:00:01\",\"controller\":\"building_theater\",\"building\":{\"name\":\"Teatro\",\"controller\":\"building_theater\",\"image\":null,\"description\":\"Si construyes un teatro, podr\\u00e1s representar grandes dramas para el disfrute de la poblaci\\u00f3n y, con ello, aumentar\\u00e1s el valor cultural de tu polis.\",\"level\":null,\"max_level\":1,\"min_level\":0,\"requiredBuildings\":null,\"coordinates\":\"286,83,334,66,340,33,309,10,254,6,223,17,206,38,210,56,243,70,272,80\",\"resources\":{\"wood\":8000,\"stone\":8000,\"iron\":8000},\"pop\":60,\"wood_factor\":2,\"stone_factor\":2,\"iron_factor\":2,\"pop_factor\":1,\"hide_factor\":null,\"points\":500,\"points_factor\":1,\"build_time\":21600,\"build_time_factor\":2.17,\"build_time_reduction\":0,\"bolt_protected\":true,\"image_levels\":[1],\"dependencies\":{\"main\":24,\"lumber\":35,\"ironer\":32,\"docks\":5,\"academy\":5},\"fixed_building_times\":[],\"level_build_time_factors\":[],\"special\":true,\"resourcesFor\":null,\"resourcesForLevelFixed\":[],\"resourcesForLevelFactor\":[],\"resourcesForLevelReduceFactor\":[],\"offset_value_map\":[],\"id\":\"theater\"}},\"thermal\":{\"name\":\"Termas\",\"description\":\"En la Antigua Grecia, la higiene ten\\u00eda una importancia capital. Si construyes unas termas, mejorar\\u00e1s la salud de la poblaci\\u00f3n y lograr\\u00e1s que crezca un 10%.\",\"level\":0,\"current_level\":0,\"next_level\":1,\"get_dependencies\":{\"main\":{\"needed_level\":24,\"name\":\"Senado\"},\"farm\":{\"needed_level\":35,\"name\":\"Granja\"},\"docks\":{\"needed_level\":5,\"name\":\"Puerto\"}},\"can_upgrade\":false,\"can_upgrade_reduced\":false,\"enough_population\":true,\"max_level\":false,\"can_tear_down\":false,\"needed_resources\":{\"wood\":9000,\"stone\":6000,\"iron\":9000},\"needed_resources_reduced\":{\"wood\":6750,\"stone\":4500,\"iron\":6750},\"enough_resources\":false,\"enough_storage\":true,\"pop\":60,\"pop_tear_down\":0,\"build_time\":\"02:56:48\",\"tear_down_time\":\"00:00:01\",\"controller\":\"building_thermal\",\"building\":{\"name\":\"Termas\",\"controller\":\"building_thermal\",\"image\":null,\"description\":\"En la Antigua Grecia, la higiene ten\\u00eda una importancia capital. Si construyes unas termas, mejorar\\u00e1s la salud de la poblaci\\u00f3n y lograr\\u00e1s que crezca un 10%.\",\"level\":null,\"max_level\":1,\"min_level\":0,\"requiredBuildings\":null,\"coordinates\":\"213,53,269,79,348,42,355,12,319,1,273,2,222,24,210,42\",\"resources\":{\"wood\":9000,\"stone\":6000,\"iron\":9000},\"pop\":60,\"wood_factor\":2,\"stone_factor\":2,\"iron_factor\":2,\"pop_factor\":1,\"hide_factor\":null,\"points\":500,\"points_factor\":1,\"build_time\":21600,\"build_time_factor\":2.17,\"build_time_reduction\":0,\"bolt_protected\":true,\"image_levels\":[1],\"dependencies\":{\"main\":24,\"farm\":35,\"docks\":5,\"academy\":5},\"fixed_building_times\":[],\"level_build_time_factors\":[],\"special\":true,\"resourcesFor\":null,\"resourcesForLevelFixed\":[],\"resourcesForLevelFactor\":[],\"resourcesForLevelReduceFactor\":[],\"offset_value_map\":[],\"id\":\"thermal\",\"thermal_pow\":1.1}},\"library\":{\"name\":\"Biblioteca\",\"description\":\"El conocimiento es poder. Con la construcci\\u00f3n de una biblioteca, recibir\\u00e1s 12 puntos de investigaci\\u00f3n adicionales, que podr\\u00e1s invertir en la academia para realizar nuevos descubrimientos.\",\"level\":0,\"current_level\":0,\"next_level\":1,\"get_dependencies\":{\"main\":{\"needed_level\":24,\"name\":\"Senado\"},\"academy\":{\"needed_level\":20,\"name\":\"Academia\"},\"docks\":{\"needed_level\":5,\"name\":\"Puerto\"}},\"can_upgrade\":false,\"can_upgrade_reduced\":false,\"enough_population\":true,\"max_level\":false,\"can_tear_down\":false,\"needed_resources\":{\"wood\":9500,\"stone\":7500,\"iron\":7000},\"needed_resources_reduced\":{\"wood\":7125,\"stone\":5625,\"iron\":5250},\"enough_resources\":false,\"enough_storage\":false,\"pop\":60,\"pop_tear_down\":0,\"build_time\":\"02:56:48\",\"tear_down_time\":\"00:00:01\",\"controller\":\"building_library\",\"building\":{\"name\":\"Biblioteca\",\"controller\":\"building_library\",\"image\":null,\"description\":\"El conocimiento es poder. Con la construcci\\u00f3n de una biblioteca, recibir\\u00e1s 12 puntos de investigaci\\u00f3n adicionales, que podr\\u00e1s invertir en la academia para realizar nuevos descubrimientos.\",\"level\":null,\"max_level\":1,\"min_level\":0,\"requiredBuildings\":null,\"coordinates\":\"204,54,243,71,304,53,338,46,334,32,325,3,263,1,218,22,212,43\",\"resources\":{\"wood\":9500,\"stone\":7500,\"iron\":7000},\"pop\":60,\"wood_factor\":2,\"stone_factor\":2,\"iron_factor\":2,\"pop_factor\":1,\"hide_factor\":null,\"points\":500,\"points_factor\":1,\"build_time\":21600,\"build_time_factor\":2.17,\"build_time_reduction\":0,\"bolt_protected\":true,\"image_levels\":[1],\"dependencies\":{\"main\":24,\"academy\":20,\"docks\":5},\"fixed_building_times\":[],\"level_build_time_factors\":[],\"special\":true,\"resourcesFor\":null,\"resourcesForLevelFixed\":[],\"resourcesForLevelFactor\":[],\"resourcesForLevelReduceFactor\":[],\"offset_value_map\":[],\"id\":\"library\"}},\"lighthouse\":{\"name\":\"Faro\",\"description\":\"El faro de Alejandr\\u00eda era considerada una de las siete maravillas del mundo. Si construyes una versi\\u00f3n m\\u00e1s modesta cerca del puerto, aumentar\\u00e1s en un 15% la velocidad de la flota, puesto que mejora en gran medida la navegaci\\u00f3n.\",\"level\":0,\"current_level\":0,\"next_level\":1,\"get_dependencies\":{\"main\":{\"needed_level\":24,\"name\":\"Senado\"},\"docks\":{\"needed_level\":20,\"name\":\"Puerto\"}},\"can_upgrade\":false,\"can_upgrade_reduced\":false,\"enough_population\":true,\"max_level\":false,\"can_tear_down\":false,\"needed_resources\":{\"wood\":6000,\"stone\":10000,\"iron\":8000},\"needed_resources_reduced\":{\"wood\":4500,\"stone\":7500,\"iron\":6000},\"enough_resources\":false,\"enough_storage\":false,\"pop\":60,\"pop_tear_down\":0,\"build_time\":\"02:56:48\",\"tear_down_time\":\"00:00:01\",\"controller\":\"building_lighthouse\",\"building\":{\"name\":\"Faro\",\"controller\":\"building_lighthouse\",\"image\":null,\"description\":\"El faro de Alejandr\\u00eda era considerada una de las siete maravillas del mundo. Si construyes una versi\\u00f3n m\\u00e1s modesta cerca del puerto, aumentar\\u00e1s en un 15% la velocidad de la flota, puesto que mejora en gran medida la navegaci\\u00f3n.\",\"level\":null,\"max_level\":1,\"min_level\":0,\"requiredBuildings\":null,\"coordinates\":\"36,397,65,395,87,377,83,351,73,323,55,293,33,299,23,376\",\"resources\":{\"wood\":6000,\"stone\":10000,\"iron\":8000},\"pop\":60,\"wood_factor\":2,\"stone_factor\":2,\"iron_factor\":2,\"pop_factor\":1,\"hide_factor\":null,\"points\":500,\"points_factor\":1,\"build_time\":21600,\"build_time_factor\":2.17,\"build_time_reduction\":0,\"bolt_protected\":true,\"image_levels\":[1],\"dependencies\":{\"main\":24,\"docks\":20,\"academy\":5},\"fixed_building_times\":[],\"level_build_time_factors\":[],\"special\":true,\"resourcesFor\":null,\"resourcesForLevelFixed\":[],\"resourcesForLevelFactor\":[],\"resourcesForLevelReduceFactor\":[],\"offset_value_map\":[],\"id\":\"lighthouse\"}}}, {\"tower\":{\"name\":\"Torre\",\"description\":\"Una monumental torre de guardia aumentar\\u00e1 el poder defensivo de tus tropas un 10% y convertir\\u00e1 tu polis en un basti\\u00f3n pr\\u00e1cticamente infranqueable para los atacantes.\",\"level\":0,\"current_level\":0,\"next_level\":1,\"get_dependencies\":{\"main\":{\"needed_level\":21,\"name\":\"Senado\"},\"wall\":{\"needed_level\":20,\"name\":\"Muralla de la ciudad\"},\"temple\":{\"needed_level\":5,\"name\":\"Templo\"}},\"can_upgrade\":false,\"can_upgrade_reduced\":false,\"enough_population\":true,\"max_level\":false,\"can_tear_down\":false,\"needed_resources\":{\"wood\":8000,\"stone\":10000,\"iron\":6000},\"needed_resources_reduced\":{\"wood\":6000,\"stone\":7500,\"iron\":4500},\"enough_resources\":false,\"enough_storage\":false,\"pop\":60,\"pop_tear_down\":0,\"build_time\":\"02:56:48\",\"tear_down_time\":\"00:00:01\",\"controller\":\"building_tower\",\"building\":{\"name\":\"Torre\",\"controller\":\"building_tower\",\"image\":null,\"description\":\"Una monumental torre de guardia aumentar\\u00e1 el poder defensivo de tus tropas un 10% y convertir\\u00e1 tu polis en un basti\\u00f3n pr\\u00e1cticamente infranqueable para los atacantes.\",\"level\":null,\"max_level\":1,\"min_level\":0,\"requiredBuildings\":null,\"coordinates\":\"522,339,543,347,572,347,586,342,579,289,559,269,530,273,521,291,521,318\",\"resources\":{\"wood\":8000,\"stone\":10000,\"iron\":6000},\"pop\":60,\"wood_factor\":2,\"stone_factor\":2,\"iron_factor\":2,\"pop_factor\":1,\"hide_factor\":null,\"points\":500,\"points_factor\":1,\"build_time\":21600,\"build_time_factor\":2.17,\"build_time_reduction\":0,\"bolt_protected\":true,\"image_levels\":[1],\"dependencies\":{\"main\":21,\"wall\":20,\"temple\":5,\"market\":5},\"fixed_building_times\":[],\"level_build_time_factors\":[],\"special\":true,\"resourcesFor\":null,\"resourcesForLevelFixed\":[],\"resourcesForLevelFactor\":[],\"resourcesForLevelReduceFactor\":[],\"offset_value_map\":[],\"id\":\"tower\"}},\"statue\":{\"name\":\"Estatua divina\",\"description\":\"Los dioses griegos son dif\\u00edciles de complacer y exigen muestras continuas de devoci\\u00f3n. Con esta estatua divina podr\\u00e1s demostrarles tu nivel de veneraci\\u00f3n y conseguir\\u00e1s m\\u00e1s favor divino cuando acudas al templo.\",\"level\":0,\"current_level\":0,\"next_level\":1,\"get_dependencies\":{\"main\":{\"needed_level\":21,\"name\":\"Senado\"},\"temple\":{\"needed_level\":12,\"name\":\"Templo\"}},\"can_upgrade\":false,\"can_upgrade_reduced\":false,\"enough_population\":true,\"max_level\":false,\"can_tear_down\":false,\"needed_resources\":{\"wood\":6000,\"stone\":10500,\"iron\":7500},\"needed_resources_reduced\":{\"wood\":4500,\"stone\":7875,\"iron\":5625},\"enough_resources\":false,\"enough_storage\":false,\"pop\":60,\"pop_tear_down\":0,\"build_time\":\"02:56:48\",\"tear_down_time\":\"00:00:01\",\"controller\":\"building_statue\",\"building\":{\"name\":\"Estatua divina\",\"controller\":\"building_statue\",\"image\":null,\"description\":\"Los dioses griegos son dif\\u00edciles de complacer y exigen muestras continuas de devoci\\u00f3n. Con esta estatua divina podr\\u00e1s demostrarles tu nivel de veneraci\\u00f3n y conseguir\\u00e1s m\\u00e1s favor divino cuando acudas al templo.\",\"level\":null,\"max_level\":1,\"min_level\":0,\"requiredBuildings\":null,\"coordinates\":\"529,338,544,345,567,339,555,326,549,278,543,324\",\"resources\":{\"wood\":6000,\"stone\":10500,\"iron\":7500},\"pop\":60,\"wood_factor\":2,\"stone_factor\":2,\"iron_factor\":2,\"pop_factor\":1,\"hide_factor\":null,\"points\":500,\"points_factor\":1,\"build_time\":21600,\"build_time_factor\":2.17,\"build_time_reduction\":0,\"bolt_protected\":true,\"image_levels\":[1],\"dependencies\":{\"main\":21,\"temple\":12,\"market\":5},\"fixed_building_times\":[],\"level_build_time_factors\":[],\"special\":true,\"resourcesFor\":null,\"resourcesForLevelFixed\":[],\"resourcesForLevelFactor\":[],\"resourcesForLevelReduceFactor\":[],\"offset_value_map\":[],\"id\":\"statue\"}},\"oracle\":{\"name\":\"Or\\u00e1culo\",\"description\":\"Con la ayuda del or\\u00e1culo, podr\\u00e1s desenmascarar a los esp\\u00edas enemigos. De esta forma, sabr\\u00e1s qui\\u00e9n te ha espiado y podr\\u00e1s prepararte mejor para los pr\\u00f3ximos ataques.\",\"level\":0,\"current_level\":0,\"next_level\":1,\"get_dependencies\":{\"main\":{\"needed_level\":21,\"name\":\"Senado\"},\"hide\":{\"needed_level\":10,\"name\":\"Cueva\"},\"temple\":{\"needed_level\":5,\"name\":\"Templo\"}},\"can_upgrade\":false,\"can_upgrade_reduced\":false,\"enough_population\":true,\"max_level\":false,\"can_tear_down\":false,\"needed_resources\":{\"wood\":6500,\"stone\":7000,\"iron\":9500},\"needed_resources_reduced\":{\"wood\":4875,\"stone\":5250,\"iron\":7125},\"enough_resources\":false,\"enough_storage\":false,\"pop\":60,\"pop_tear_down\":0,\"build_time\":\"02:56:48\",\"tear_down_time\":\"00:00:01\",\"controller\":\"building_oracle\",\"building\":{\"name\":\"Or\\u00e1culo\",\"controller\":\"building_oracle\",\"image\":null,\"description\":\"Con la ayuda del or\\u00e1culo, podr\\u00e1s desenmascarar a los esp\\u00edas enemigos. De esta forma, sabr\\u00e1s qui\\u00e9n te ha espiado y podr\\u00e1s prepararte mejor para los pr\\u00f3ximos ataques.\",\"level\":null,\"max_level\":1,\"min_level\":0,\"requiredBuildings\":null,\"coordinates\":\"521,337,546,350,581,343,583,309,567,298,543,295,523,304,521,322\",\"resources\":{\"wood\":6500,\"stone\":7000,\"iron\":9500},\"pop\":60,\"wood_factor\":2,\"stone_factor\":2,\"iron_factor\":2,\"pop_factor\":1,\"hide_factor\":null,\"points\":500,\"points_factor\":1,\"build_time\":21600,\"build_time_factor\":2.17,\"build_time_reduction\":0,\"bolt_protected\":true,\"image_levels\":[1],\"dependencies\":{\"main\":21,\"hide\":10,\"market\":5,\"temple\":5},\"fixed_building_times\":[],\"level_build_time_factors\":[],\"special\":true,\"resourcesFor\":null,\"resourcesForLevelFixed\":[],\"resourcesForLevelFactor\":[],\"resourcesForLevelReduceFactor\":[],\"offset_value_map\":[],\"id\":\"oracle\"}},\"trade_office\":{\"name\":\"Oficina comercial\",\"description\":\"Aumenta la relaci\\u00f3n comercial m\\u00e1xima con el comerciante fenicio y con las aldeas, as\\u00ed como la capacidad de comercio disponible en cada nivel del mercado, pasando de 500 a 750.\",\"level\":0,\"current_level\":0,\"next_level\":1,\"get_dependencies\":{\"main\":{\"needed_level\":21,\"name\":\"Senado\"},\"market\":{\"needed_level\":15,\"name\":\"Mercado\"},\"temple\":{\"needed_level\":5,\"name\":\"Templo\"}},\"can_upgrade\":false,\"can_upgrade_reduced\":false,\"enough_population\":true,\"max_level\":false,\"can_tear_down\":false,\"needed_resources\":{\"wood\":10500,\"stone\":7000,\"iron\":6500},\"needed_resources_reduced\":{\"wood\":7875,\"stone\":5250,\"iron\":4875},\"enough_resources\":false,\"enough_storage\":false,\"pop\":60,\"pop_tear_down\":0,\"build_time\":\"02:56:48\",\"tear_down_time\":\"00:00:01\",\"controller\":\"building_trade_office\",\"building\":{\"name\":\"Oficina comercial\",\"controller\":\"building_trade_office\",\"image\":null,\"description\":\"Aumenta la relaci\\u00f3n comercial m\\u00e1xima con el comerciante fenicio y con las aldeas, as\\u00ed como la capacidad de comercio disponible en cada nivel del mercado, pasando de 500 a 750.\",\"level\":null,\"max_level\":1,\"min_level\":0,\"requiredBuildings\":null,\"coordinates\":\"510,335,533,346,569,352,595,343,607,332,604,301,551,274,508,294\",\"resources\":{\"wood\":10500,\"stone\":7000,\"iron\":6500},\"pop\":60,\"wood_factor\":2,\"stone_factor\":2,\"iron_factor\":2,\"pop_factor\":1,\"hide_factor\":null,\"points\":500,\"points_factor\":1,\"build_time\":21600,\"build_time_factor\":1,\"build_time_reduction\":0,\"bolt_protected\":true,\"image_levels\":[1],\"dependencies\":{\"main\":21,\"market\":15,\"temple\":5},\"fixed_building_times\":[],\"level_build_time_factors\":[],\"special\":true,\"resourcesFor\":null,\"resourcesForLevelFixed\":[],\"resourcesForLevelFactor\":[],\"resourcesForLevelReduceFactor\":[],\"offset_value_map\":[],\"id\":\"trade_office\"}}});\n    BuildingMain.buildings = {\"main\":{\"name\":\"Senado\",\"description\":\"Desde el Senado puedes construir edificios nuevos o ampliar los que ya tienes. Cuanto m\\u00e1s alto sea su nivel, m\\u00e1s r\\u00e1pido se ejecutar\\u00e1n los trabajos de construcci\\u00f3n.\",\"level\":18,\"current_level\":17,\"next_level\":19,\"get_dependencies\":[],\"can_upgrade\":false,\"can_upgrade_reduced\":false,\"enough_population\":true,\"max_level\":false,\"can_tear_down\":true,\"needed_resources\":{\"wood\":3369,\"stone\":3438,\"iron\":1746},\"needed_resources_reduced\":{\"wood\":2527,\"stone\":2579,\"iron\":1310},\"enough_resources\":false,\"enough_storage\":true,\"pop\":6,\"pop_tear_down\":6,\"build_time\":\"02:43:58\",\"tear_down_time\":\"02:28:46\",\"controller\":\"building_main\",\"building\":{\"name\":\"Senado\",\"controller\":\"building_main\",\"image\":null,\"description\":\"Desde el Senado puedes construir edificios nuevos o ampliar los que ya tienes. Cuanto m\\u00e1s alto sea su nivel, m\\u00e1s r\\u00e1pido se ejecutar\\u00e1n los trabajos de construcci\\u00f3n.\",\"level\":null,\"max_level\":25,\"min_level\":1,\"requiredBuildings\":null,\"coordinates\":\"375,203,442,233,470,219,499,211,541,190,560,174,550,146,489,116,469,124,446,145,395,161,382,188\",\"resources\":{\"wood\":6,\"stone\":2,\"iron\":2},\"pop\":1,\"wood_factor\":2.15,\"stone_factor\":2.53,\"iron_factor\":2.3,\"pop_factor\":1.5,\"hide_factor\":null,\"points\":100,\"points_factor\":1.1,\"build_time\":100,\"build_time_factor\":1.8,\"build_time_reduction\":0.3,\"bolt_protected\":null,\"image_levels\":[1,8,16],\"dependencies\":[],\"fixed_building_times\":{\"1\":50,\"2\":200,\"3\":310,\"4\":315,\"5\":320,\"6\":360},\"level_build_time_factors\":{\"7\":{\"level\":15,\"factor\":0.08},\"8\":{\"level\":15,\"factor\":0.16},\"9\":{\"level\":15,\"factor\":0.28},\"10\":{\"level\":15,\"factor\":0.42},\"11\":{\"level\":15,\"factor\":0.58},\"12\":{\"level\":15,\"factor\":0.7},\"13\":{\"level\":15,\"factor\":0.8},\"14\":{\"level\":15,\"factor\":0.9}},\"special\":false,\"resourcesFor\":null,\"resourcesForLevelFixed\":[],\"resourcesForLevelFactor\":{\"1\":0.1,\"2\":0.2,\"3\":0.4,\"4\":0.6,\"5\":0.8},\"resourcesForLevelReduceFactor\":[],\"offset_value_map\":[],\"id\":\"main\"}},\"hide\":{\"name\":\"Cueva\",\"description\":\"En la cueva puedes encargar a los esp\\u00edas que investiguen las ciudades enemigas.\",\"level\":2,\"current_level\":2,\"next_level\":3,\"get_dependencies\":[],\"can_upgrade\":true,\"can_upgrade_reduced\":true,\"enough_population\":true,\"max_level\":false,\"can_tear_down\":true,\"needed_resources\":{\"wood\":834,\"stone\":1200,\"iron\":1882},\"needed_resources_reduced\":{\"wood\":626,\"stone\":900,\"iron\":1412},\"enough_resources\":true,\"enough_storage\":true,\"pop\":1,\"pop_tear_down\":2,\"build_time\":\"00:05:40\",\"tear_down_time\":\"00:03:09\",\"controller\":\"building_hide\",\"building\":{\"name\":\"Cueva\",\"controller\":\"building_hide\",\"image\":null,\"description\":\"En la cueva puedes encargar a los esp\\u00edas que investiguen las ciudades enemigas.\",\"level\":null,\"max_level\":10,\"min_level\":1,\"requiredBuildings\":null,\"coordinates\":\"419,326,417,345,442,341,445,325,434,316,401,329,405,347\",\"resources\":{\"wood\":200,\"stone\":400,\"iron\":700},\"pop\":3,\"wood_factor\":1.3,\"stone_factor\":1,\"iron_factor\":0.9,\"pop_factor\":0.5,\"hide_factor\":null,\"points\":50,\"points_factor\":1.2,\"build_time\":140,\"build_time_factor\":1.456,\"build_time_reduction\":0,\"bolt_protected\":null,\"image_levels\":[1,4,7],\"dependencies\":{\"main\":10,\"storage\":7,\"market\":4},\"fixed_building_times\":[],\"level_build_time_factors\":[],\"special\":false,\"resourcesFor\":null,\"resourcesForLevelFixed\":[],\"resourcesForLevelFactor\":[],\"resourcesForLevelReduceFactor\":[],\"offset_value_map\":[],\"id\":\"hide\"}},\"place\":{\"name\":\"\\u00c1gora\",\"description\":\"En el \\u00e1gora, puedes informarte de la situaci\\u00f3n de tus tropas dentro y fuera de la ciudad. Adem\\u00e1s, puedes admirar los hitos conseguidos en el campo de la cultura y planificar tus pr\\u00f3ximas campa\\u00f1as con el simulador de batallas.\",\"level\":1,\"current_level\":1,\"next_level\":2,\"get_dependencies\":[],\"can_upgrade\":false,\"can_upgrade_reduced\":false,\"enough_population\":true,\"max_level\":true,\"can_tear_down\":false,\"needed_resources\":{\"wood\":40,\"stone\":0,\"iron\":0},\"needed_resources_reduced\":{\"wood\":30,\"stone\":0,\"iron\":0},\"enough_resources\":true,\"enough_storage\":true,\"pop\":0,\"pop_tear_down\":0,\"build_time\":\"00:00:01\",\"tear_down_time\":\"00:00:01\",\"controller\":\"building_place\",\"building\":{\"name\":\"\\u00c1gora\",\"controller\":\"building_place\",\"image\":null,\"description\":\"En el \\u00e1gora, puedes informarte de la situaci\\u00f3n de tus tropas dentro y fuera de la ciudad. Adem\\u00e1s, puedes admirar los hitos conseguidos en el campo de la cultura y planificar tus pr\\u00f3ximas campa\\u00f1as con el simulador de batallas.\",\"level\":null,\"max_level\":1,\"min_level\":1,\"requiredBuildings\":null,\"coordinates\":\"491,254,492,240,501,231,512,222,527,230,539,242,542,258,530,270,515,268,498,266\",\"resources\":{\"wood\":10,\"stone\":0,\"iron\":0},\"pop\":1,\"wood_factor\":2,\"stone_factor\":2,\"iron_factor\":2,\"pop_factor\":0,\"hide_factor\":null,\"points\":30,\"points_factor\":1.11,\"build_time\":0.3333333333333333,\"build_time_factor\":2.17,\"build_time_reduction\":0,\"bolt_protected\":true,\"image_levels\":[1,4,7],\"dependencies\":[],\"fixed_building_times\":[],\"level_build_time_factors\":[],\"special\":false,\"resourcesFor\":null,\"resourcesForLevelFixed\":[],\"resourcesForLevelFactor\":[],\"resourcesForLevelReduceFactor\":[],\"offset_value_map\":[],\"id\":\"place\"}},\"lumber\":{\"name\":\"Aserradero\",\"description\":\"En los densos bosques que rodean tu polis, los le\\u00f1adores cortan con diligencia la madera necesaria para la expansi\\u00f3n de la ciudad y para las tropas. Cuanto m\\u00e1s alto sea el nivel de ampliaci\\u00f3n del aserradero, m\\u00e1s madera podr\\u00e1n producir los le\\u00f1adores.\",\"level\":13,\"current_level\":13,\"next_level\":14,\"get_dependencies\":[],\"can_upgrade\":true,\"can_upgrade_reduced\":true,\"enough_population\":true,\"max_level\":false,\"can_tear_down\":true,\"needed_resources\":{\"wood\":391,\"stone\":510,\"iron\":380},\"needed_resources_reduced\":{\"wood\":294,\"stone\":383,\"iron\":285},\"enough_resources\":true,\"enough_storage\":true,\"pop\":3,\"pop_tear_down\":2,\"build_time\":\"00:50:34\",\"tear_down_time\":\"00:44:57\",\"controller\":\"building_lumber\",\"building\":{\"name\":\"Aserradero\",\"controller\":\"building_lumber\",\"image\":null,\"description\":\"En los densos bosques que rodean tu polis, los le\\u00f1adores cortan con diligencia la madera necesaria para la expansi\\u00f3n de la ciudad y para las tropas. Cuanto m\\u00e1s alto sea el nivel de ampliaci\\u00f3n del aserradero, m\\u00e1s madera podr\\u00e1n producir los le\\u00f1adores.\",\"level\":null,\"max_level\":40,\"min_level\":1,\"requiredBuildings\":null,\"coordinates\":\"467,372,458,390,474,417,518,426,537,407,518,378,488,375\",\"resources\":{\"wood\":2.6,\"stone\":2,\"iron\":1.49},\"pop\":1,\"wood_factor\":1.9,\"stone_factor\":2.1,\"iron_factor\":2.1,\"pop_factor\":1.25,\"hide_factor\":null,\"points\":20,\"points_factor\":1.1,\"build_time\":40,\"build_time_factor\":1.9,\"build_time_reduction\":1,\"bolt_protected\":null,\"image_levels\":[1,14,28],\"dependencies\":[],\"fixed_building_times\":{\"1\":50,\"2\":200,\"3\":310,\"4\":315,\"5\":320,\"6\":360},\"level_build_time_factors\":{\"7\":{\"level\":15,\"factor\":0.2},\"8\":{\"level\":15,\"factor\":0.3},\"9\":{\"level\":15,\"factor\":0.4},\"10\":{\"level\":15,\"factor\":0.5},\"11\":{\"level\":15,\"factor\":0.6},\"12\":{\"level\":15,\"factor\":0.7},\"13\":{\"level\":15,\"factor\":0.8},\"14\":{\"level\":15,\"factor\":0.9}},\"special\":false,\"resourcesFor\":null,\"resourcesForLevelFixed\":[],\"resourcesForLevelFactor\":[],\"resourcesForLevelReduceFactor\":[],\"offset_value_map\":[],\"id\":\"lumber\"}},\"stoner\":{\"name\":\"Cantera\",\"description\":\"En la cantera, los trabajadores extraen piedra, imprescindible para el desarrollo de la ciudad. Cuanto m\\u00e1s alto sea el nivel de ampliaci\\u00f3n, m\\u00e1s piedra se extraer\\u00e1.\",\"level\":11,\"current_level\":11,\"next_level\":12,\"get_dependencies\":[],\"can_upgrade\":true,\"can_upgrade_reduced\":true,\"enough_population\":true,\"max_level\":false,\"can_tear_down\":true,\"needed_resources\":{\"wood\":240,\"stone\":292,\"iron\":443},\"needed_resources_reduced\":{\"wood\":180,\"stone\":219,\"iron\":333},\"enough_resources\":true,\"enough_storage\":true,\"pop\":2,\"pop_tear_down\":3,\"build_time\":\"00:46:04\",\"tear_down_time\":\"00:39:29\",\"controller\":\"building_stoner\",\"building\":{\"name\":\"Cantera\",\"controller\":\"building_stoner\",\"image\":null,\"description\":\"En la cantera, los trabajadores extraen piedra, imprescindible para el desarrollo de la ciudad. Cuanto m\\u00e1s alto sea el nivel de ampliaci\\u00f3n, m\\u00e1s piedra se extraer\\u00e1.\",\"level\":null,\"max_level\":40,\"min_level\":1,\"requiredBuildings\":null,\"coordinates\":\"37,194,45,208,73,265,86,297,144,310,249,285,220,269,182,252,117,234,108,198,62,188\",\"resources\":{\"wood\":1.3,\"stone\":2.6,\"iron\":2.4},\"pop\":1,\"wood_factor\":2.1,\"stone_factor\":1.9,\"iron_factor\":2.1,\"pop_factor\":1.25,\"hide_factor\":null,\"points\":20,\"points_factor\":1.1,\"build_time\":100,\"build_time_factor\":1.62,\"build_time_reduction\":1,\"bolt_protected\":null,\"image_levels\":[1,14,28],\"dependencies\":[],\"fixed_building_times\":{\"1\":220,\"2\":305,\"3\":310,\"4\":330,\"5\":360,\"6\":360},\"level_build_time_factors\":{\"7\":{\"level\":15,\"factor\":0.2},\"8\":{\"level\":15,\"factor\":0.3},\"9\":{\"level\":15,\"factor\":0.4},\"10\":{\"level\":15,\"factor\":0.5},\"11\":{\"level\":15,\"factor\":0.6},\"12\":{\"level\":15,\"factor\":0.7},\"13\":{\"level\":15,\"factor\":0.8},\"14\":{\"level\":15,\"factor\":0.9}},\"special\":false,\"resourcesFor\":null,\"resourcesForLevelFixed\":[],\"resourcesForLevelFactor\":[],\"resourcesForLevelReduceFactor\":[],\"offset_value_map\":[],\"id\":\"stoner\"}},\"ironer\":{\"name\":\"Mina de plata\",\"description\":\"En la mina de plata, los trabajadores extraen el valioso mineral de plata que se utiliza para acu\\u00f1ar las monedas. Cuanto m\\u00e1s alto sea el nivel de ampliaci\\u00f3n de la mina, m\\u00e1s monedas de plata se acu\\u00f1ar\\u00e1n.\",\"level\":11,\"current_level\":11,\"next_level\":12,\"get_dependencies\":[],\"can_upgrade\":true,\"can_upgrade_reduced\":true,\"enough_population\":true,\"max_level\":false,\"can_tear_down\":true,\"needed_resources\":{\"wood\":562,\"stone\":288,\"iron\":350},\"needed_resources_reduced\":{\"wood\":422,\"stone\":216,\"iron\":263},\"enough_resources\":true,\"enough_storage\":true,\"pop\":2,\"pop_tear_down\":3,\"build_time\":\"00:52:10\",\"tear_down_time\":\"00:44:43\",\"controller\":\"building_ironer\",\"building\":{\"name\":\"Mina de plata\",\"controller\":\"building_ironer\",\"image\":null,\"description\":\"En la mina de plata, los trabajadores extraen el valioso mineral de plata que se utiliza para acu\\u00f1ar las monedas. Cuanto m\\u00e1s alto sea el nivel de ampliaci\\u00f3n de la mina, m\\u00e1s monedas de plata se acu\\u00f1ar\\u00e1n.\",\"level\":null,\"max_level\":40,\"min_level\":1,\"requiredBuildings\":null,\"coordinates\":\"117,70,130,78,157,64,150,38,112,16,100,26,98,45\",\"resources\":{\"wood\":5,\"stone\":2,\"iron\":4},\"pop\":1,\"wood_factor\":1.9,\"stone_factor\":2,\"iron_factor\":1.8,\"pop_factor\":1.25,\"hide_factor\":null,\"points\":20,\"points_factor\":1.1,\"build_time\":200,\"build_time_factor\":1.41,\"build_time_reduction\":0.5,\"bolt_protected\":null,\"image_levels\":[1,14,28],\"dependencies\":{\"lumber\":1},\"fixed_building_times\":{\"1\":250,\"2\":305,\"3\":310,\"4\":315,\"5\":320,\"6\":360},\"level_build_time_factors\":{\"7\":{\"level\":15,\"factor\":0.2},\"8\":{\"level\":15,\"factor\":0.3},\"9\":{\"level\":15,\"factor\":0.4},\"10\":{\"level\":15,\"factor\":0.5},\"11\":{\"level\":15,\"factor\":0.6},\"12\":{\"level\":15,\"factor\":0.7},\"13\":{\"level\":15,\"factor\":0.8},\"14\":{\"level\":15,\"factor\":0.9}},\"special\":false,\"resourcesFor\":null,\"resourcesForLevelFixed\":[],\"resourcesForLevelFactor\":[],\"resourcesForLevelReduceFactor\":[],\"offset_value_map\":[],\"id\":\"ironer\"}},\"market\":{\"name\":\"Mercado\",\"description\":\"El mercado te da la oportunidad de enviar recursos a otros jugadores. Adem\\u00e1s, puedes comerciar con las aldeas de tu isla.\",\"level\":5,\"current_level\":5,\"next_level\":6,\"get_dependencies\":[],\"can_upgrade\":true,\"can_upgrade_reduced\":true,\"enough_population\":true,\"max_level\":false,\"can_tear_down\":true,\"needed_resources\":{\"wood\":709,\"stone\":364,\"iron\":174},\"needed_resources_reduced\":{\"wood\":532,\"stone\":273,\"iron\":131},\"enough_resources\":true,\"enough_storage\":true,\"pop\":3,\"pop_tear_down\":2,\"build_time\":\"00:17:27\",\"tear_down_time\":\"00:12:17\",\"controller\":\"building_market\",\"building\":{\"name\":\"Mercado\",\"controller\":\"building_market\",\"image\":null,\"description\":\"El mercado te da la oportunidad de enviar recursos a otros jugadores. Adem\\u00e1s, puedes comerciar con las aldeas de tu isla.\",\"level\":null,\"max_level\":30,\"min_level\":1,\"requiredBuildings\":null,\"coordinates\":\"565,238,577,252,592,267,631,260,667,260,659,242,636,222,625,206,606,200,575,225\",\"resources\":{\"wood\":50,\"stone\":20,\"iron\":5},\"pop\":2,\"wood_factor\":1.48,\"stone_factor\":1.62,\"iron_factor\":1.98,\"pop_factor\":1.1,\"hide_factor\":null,\"points\":100,\"points_factor\":1.08,\"build_time\":160,\"build_time_factor\":1.6,\"build_time_reduction\":0.4,\"bolt_protected\":null,\"image_levels\":[1,10,20],\"dependencies\":{\"main\":3,\"storage\":5},\"fixed_building_times\":[],\"level_build_time_factors\":[],\"special\":false,\"resourcesFor\":null,\"resourcesForLevelFixed\":[],\"resourcesForLevelFactor\":[],\"resourcesForLevelReduceFactor\":[],\"offset_value_map\":[],\"id\":\"market\"}},\"docks\":{\"name\":\"Puerto\",\"description\":\"El puerto es el lugar que te permite ampliar la flota. Puedes construir tanto unidades de transporte como unidades de batalla. La velocidad con la que terminan las naves los trabajadores de los astilleros depende del nivel de ampliaci\\u00f3n del puerto.\",\"level\":0,\"current_level\":0,\"next_level\":1,\"get_dependencies\":{\"lumber\":{\"needed_level\":15,\"name\":\"Aserradero\"}},\"can_upgrade\":false,\"can_upgrade_reduced\":false,\"enough_population\":true,\"max_level\":false,\"can_tear_down\":false,\"needed_resources\":{\"wood\":400,\"stone\":200,\"iron\":100},\"needed_resources_reduced\":{\"wood\":300,\"stone\":150,\"iron\":75},\"enough_resources\":true,\"enough_storage\":true,\"pop\":4,\"pop_tear_down\":0,\"build_time\":\"00:04:06\",\"tear_down_time\":\"00:00:01\",\"controller\":\"building_docks\",\"building\":{\"name\":\"Puerto\",\"controller\":\"building_docks\",\"image\":null,\"description\":\"El puerto es el lugar que te permite ampliar la flota. Puedes construir tanto unidades de transporte como unidades de batalla. La velocidad con la que terminan las naves los trabajadores de los astilleros depende del nivel de ampliaci\\u00f3n del puerto.\",\"level\":null,\"max_level\":30,\"min_level\":1,\"requiredBuildings\":null,\"coordinates\":\"220,384,255,407,281,419,302,410,317,417,349,402,387,390,373,359,344,345,316,315,287,326,268,336,243,356,230,378\",\"resources\":{\"wood\":400,\"stone\":200,\"iron\":100},\"pop\":4,\"wood_factor\":0.9,\"stone_factor\":0.98,\"iron_factor\":1.1,\"pop_factor\":1,\"hide_factor\":null,\"points\":60,\"points_factor\":1.1,\"build_time\":500,\"build_time_factor\":1.1,\"build_time_reduction\":0,\"bolt_protected\":null,\"image_levels\":[1,8,16],\"dependencies\":{\"main\":14,\"lumber\":15,\"ironer\":10},\"fixed_building_times\":[],\"level_build_time_factors\":[],\"special\":false,\"resourcesFor\":null,\"resourcesForLevelFixed\":[],\"resourcesForLevelFactor\":[],\"resourcesForLevelReduceFactor\":[],\"offset_value_map\":[],\"id\":\"docks\"}},\"barracks\":{\"name\":\"Cuartel\",\"description\":\"En el cuartel, puedes reclutar tropas normales y unidades m\\u00edticas. Cuanto m\\u00e1s alto sea el nivel de ampliaci\\u00f3n del cuartel, m\\u00e1s r\\u00e1pido podr\\u00e1s entrenar tus tropas.\",\"level\":7,\"current_level\":7,\"next_level\":8,\"get_dependencies\":[],\"can_upgrade\":true,\"can_upgrade_reduced\":true,\"enough_population\":true,\"max_level\":false,\"can_tear_down\":true,\"needed_resources\":{\"wood\":885,\"stone\":644,\"iron\":984},\"needed_resources_reduced\":{\"wood\":664,\"stone\":483,\"iron\":738},\"enough_resources\":true,\"enough_storage\":true,\"pop\":2,\"pop_tear_down\":2,\"build_time\":\"00:12:05\",\"tear_down_time\":\"00:07:15\",\"controller\":\"building_barracks\",\"building\":{\"name\":\"Cuartel\",\"controller\":\"building_barracks\",\"image\":null,\"description\":\"En el cuartel, puedes reclutar tropas normales y unidades m\\u00edticas. Cuanto m\\u00e1s alto sea el nivel de ampliaci\\u00f3n del cuartel, m\\u00e1s r\\u00e1pido podr\\u00e1s entrenar tus tropas.\",\"level\":null,\"max_level\":30,\"min_level\":1,\"requiredBuildings\":null,\"coordinates\":\"152,188,171,186,216,205,250,210,312,177,310,156,253,129,250,116,242,110,232,114,181,161,161,182\",\"resources\":{\"wood\":70,\"stone\":20,\"iron\":40},\"pop\":1,\"wood_factor\":1.22,\"stone_factor\":1.67,\"iron_factor\":1.54,\"pop_factor\":1.3,\"hide_factor\":null,\"points\":30,\"points_factor\":1.115,\"build_time\":300,\"build_time_factor\":1.25,\"build_time_reduction\":0.5,\"bolt_protected\":null,\"image_levels\":[1,10,20],\"dependencies\":{\"main\":2,\"farm\":3,\"ironer\":1},\"fixed_building_times\":{\"1\":280,\"2\":305,\"3\":310,\"4\":315,\"5\":320,\"6\":360},\"level_build_time_factors\":{\"7\":{\"level\":15,\"factor\":0.13},\"8\":{\"level\":15,\"factor\":0.2},\"9\":{\"level\":15,\"factor\":0.32},\"10\":{\"level\":15,\"factor\":0.44},\"11\":{\"level\":15,\"factor\":0.56},\"12\":{\"level\":15,\"factor\":0.68},\"13\":{\"level\":15,\"factor\":0.8},\"14\":{\"level\":15,\"factor\":0.9}},\"special\":false,\"resourcesFor\":null,\"resourcesForLevelFixed\":[],\"resourcesForLevelFactor\":[],\"resourcesForLevelReduceFactor\":[],\"offset_value_map\":[],\"id\":\"barracks\"}},\"wall\":{\"name\":\"Muralla de la ciudad\",\"description\":\"La muralla protege la polis contra las tropas enemigas. Refuerza tu defensa terrestre y aumenta el valor defensivo de tus tropas.\",\"level\":4,\"current_level\":4,\"next_level\":5,\"get_dependencies\":[],\"can_upgrade\":true,\"can_upgrade_reduced\":true,\"enough_population\":true,\"max_level\":false,\"can_tear_down\":true,\"needed_resources\":{\"wood\":400,\"stone\":1750,\"iron\":1175},\"needed_resources_reduced\":{\"wood\":300,\"stone\":1313,\"iron\":882},\"enough_resources\":true,\"enough_storage\":true,\"pop\":3,\"pop_tear_down\":2,\"build_time\":\"00:19:54\",\"tear_down_time\":\"00:14:53\",\"controller\":\"building_wall\",\"building\":{\"name\":\"Muralla de la ciudad\",\"controller\":\"building_wall\",\"image\":null,\"description\":\"La muralla protege la polis contra las tropas enemigas. Refuerza tu defensa terrestre y aumenta el valor defensivo de tus tropas.\",\"level\":null,\"max_level\":25,\"min_level\":0,\"requiredBuildings\":null,\"coordinates\":\"1,128,22,149,70,156,125,152,125,179,159,207,217,217,277,228,276,267,316,275,380,296,445,289,472,278,476,329,526,356,593,355,631,350,585,371,537,375,487,360,463,343,439,306,379,314,326,298,276,289,263,241,184,232,131,207,113,170,66,172,12,162,2,155\",\"resources\":{\"wood\":400,\"stone\":350,\"iron\":200},\"pop\":2,\"wood_factor\":0,\"stone_factor\":1,\"iron_factor\":1.1,\"pop_factor\":1.16,\"hide_factor\":null,\"points\":30,\"points_factor\":1.12,\"build_time\":300,\"build_time_factor\":1.3,\"build_time_reduction\":0,\"bolt_protected\":null,\"image_levels\":[1,8,16],\"dependencies\":{\"main\":5,\"temple\":3},\"fixed_building_times\":[],\"level_build_time_factors\":[],\"special\":false,\"resourcesFor\":null,\"resourcesForLevelFixed\":[],\"resourcesForLevelFactor\":[],\"resourcesForLevelReduceFactor\":[],\"offset_value_map\":[],\"id\":\"wall\",\"catapult_factor\":1.05,\"catapult_power\":0.5,\"def_factor_per_level\":1.037}},\"storage\":{\"name\":\"Almac\\u00e9n\",\"description\":\"Los recursos de la ciudad se guardan en el almac\\u00e9n. Cuanto m\\u00e1s alto sea su nivel de ampliaci\\u00f3n, m\\u00e1s recursos podr\\u00e1s almacenar. Cada nivel de ampliaci\\u00f3n protege 100 unidades de cada recurso contra los saqueos.\",\"level\":15,\"current_level\":15,\"next_level\":16,\"get_dependencies\":[],\"can_upgrade\":false,\"can_upgrade_reduced\":false,\"enough_population\":true,\"max_level\":false,\"can_tear_down\":true,\"needed_resources\":{\"wood\":2368,\"stone\":3721,\"iron\":1496},\"needed_resources_reduced\":{\"wood\":1776,\"stone\":2791,\"iron\":1122},\"enough_resources\":false,\"enough_storage\":true,\"pop\":0,\"pop_tear_down\":0,\"build_time\":\"02:28:40\",\"tear_down_time\":\"02:17:20\",\"controller\":\"building_storage\",\"building\":{\"name\":\"Almac\\u00e9n\",\"controller\":\"building_storage\",\"image\":null,\"description\":\"Los recursos de la ciudad se guardan en el almac\\u00e9n. Cuanto m\\u00e1s alto sea su nivel de ampliaci\\u00f3n, m\\u00e1s recursos podr\\u00e1s almacenar. Cada nivel de ampliaci\\u00f3n protege 100 unidades de cada recurso contra los saqueos.\",\"level\":null,\"max_level\":35,\"min_level\":1,\"requiredBuildings\":null,\"coordinates\":\"322,248,403,287,428,276,426,235,393,218,375,224,344,210,325,224\",\"resources\":{\"wood\":35,\"stone\":55,\"iron\":15},\"pop\":0,\"wood_factor\":1.52,\"stone_factor\":1.52,\"iron_factor\":1.66,\"pop_factor\":1,\"hide_factor\":100,\"points\":13,\"points_factor\":1.14,\"build_time\":600,\"build_time_factor\":1.23,\"build_time_reduction\":0.4,\"bolt_protected\":null,\"image_levels\":[1,10,20,30],\"dependencies\":[],\"fixed_building_times\":{\"1\":50,\"2\":250,\"3\":310,\"4\":315,\"5\":320,\"6\":360},\"level_build_time_factors\":{\"7\":{\"level\":15,\"factor\":0.07},\"8\":{\"level\":15,\"factor\":0.11},\"9\":{\"level\":15,\"factor\":0.18},\"10\":{\"level\":15,\"factor\":0.3},\"11\":{\"level\":15,\"factor\":0.45},\"12\":{\"level\":15,\"factor\":0.6},\"13\":{\"level\":15,\"factor\":0.7},\"14\":{\"level\":15,\"factor\":0.85}},\"special\":false,\"resourcesFor\":null,\"resourcesForLevelFixed\":[],\"resourcesForLevelFactor\":{\"1\":0.02,\"2\":0.1,\"3\":0.2,\"4\":0.4,\"5\":0.6,\"6\":0.8},\"resourcesForLevelReduceFactor\":[],\"offset_value_map\":[700,600,480,360,245,150,75,25,5],\"id\":\"storage\",\"storage_factor\":200,\"storage_pow\":1.35399}},\"farm\":{\"name\":\"Granja\",\"description\":\"La granja abastece de alimentos a los trabajadores y a las tropas. Tendr\\u00e1s que ampliarla si quieres que la ciudad crezca. Cuanto m\\u00e1s alto sea el nivel de ampliaci\\u00f3n de la granja, m\\u00e1s habitantes (y tambi\\u00e9n m\\u00e1s tropas) podr\\u00e1s alimentar.\",\"level\":27,\"current_level\":24,\"next_level\":28,\"get_dependencies\":[],\"can_upgrade\":false,\"can_upgrade_reduced\":false,\"enough_population\":true,\"max_level\":false,\"can_tear_down\":true,\"needed_resources\":{\"wood\":4067,\"stone\":4332,\"iron\":2973},\"needed_resources_reduced\":{\"wood\":3051,\"stone\":3249,\"iron\":2230},\"enough_resources\":false,\"enough_storage\":true,\"pop\":0,\"pop_tear_down\":0,\"build_time\":\"03:56:09\",\"tear_down_time\":\"03:42:00\",\"controller\":\"building_farm\",\"building\":{\"name\":\"Granja\",\"controller\":\"building_farm\",\"image\":null,\"description\":\"La granja abastece de alimentos a los trabajadores y a las tropas. Tendr\\u00e1s que ampliarla si quieres que la ciudad crezca. Cuanto m\\u00e1s alto sea el nivel de ampliaci\\u00f3n de la granja, m\\u00e1s habitantes (y tambi\\u00e9n m\\u00e1s tropas) podr\\u00e1s alimentar.\",\"level\":null,\"max_level\":45,\"min_level\":1,\"requiredBuildings\":null,\"coordinates\":\"552,108,604,134,609,153,659,178,709,155,734,139,681,111,630,89,583,100,579,54,533,65\",\"resources\":{\"wood\":8,\"stone\":5,\"iron\":1},\"pop\":0,\"wood_factor\":1.87,\"stone_factor\":2.03,\"iron_factor\":2.4,\"pop_factor\":0,\"hide_factor\":null,\"points\":15,\"points_factor\":1.12,\"build_time\":100,\"build_time_factor\":1.7,\"build_time_reduction\":1,\"bolt_protected\":null,\"image_levels\":[1,14,28,40],\"dependencies\":[],\"fixed_building_times\":{\"1\":50,\"2\":125,\"3\":250,\"4\":315,\"5\":320,\"6\":360},\"level_build_time_factors\":{\"7\":{\"level\":15,\"factor\":0.15},\"8\":{\"level\":15,\"factor\":0.21},\"9\":{\"level\":15,\"factor\":0.33},\"10\":{\"level\":15,\"factor\":0.45},\"11\":{\"level\":15,\"factor\":0.56},\"12\":{\"level\":15,\"factor\":0.68},\"13\":{\"level\":15,\"factor\":0.8},\"14\":{\"level\":15,\"factor\":0.9}},\"special\":false,\"resourcesFor\":null,\"resourcesForLevelFixed\":[],\"resourcesForLevelFactor\":{\"1\":0.1,\"2\":0.2,\"3\":0.4,\"4\":0.6,\"5\":0.8},\"resourcesForLevelReduceFactor\":[],\"offset_value_map\":[100,83,65,47,30,17,8,3,1],\"id\":\"farm\",\"farm_pow\":1.455,\"farm_factor\":14}},\"academy\":{\"name\":\"Academia\",\"description\":\"La academia es el centro de investigaci\\u00f3n. Grepolis pone a tu alcance distintas tecnolog\\u00edas, que pueden servir para reforzar las tropas, aumentar la eficiencia en la construcci\\u00f3n y desarrollar las t\\u00e1cticas de combate. Cuanto m\\u00e1s alto sea el nivel de ampliaci\\u00f3n de la academia, m\\u00e1s tecnolog\\u00edas podr\\u00e1s descubrir.\",\"level\":5,\"current_level\":5,\"next_level\":6,\"get_dependencies\":[],\"can_upgrade\":true,\"can_upgrade_reduced\":true,\"enough_population\":true,\"max_level\":false,\"can_tear_down\":true,\"needed_resources\":{\"wood\":874,\"stone\":1435,\"iron\":1030},\"needed_resources_reduced\":{\"wood\":656,\"stone\":1077,\"iron\":773},\"enough_resources\":true,\"enough_storage\":true,\"pop\":3,\"pop_tear_down\":3,\"build_time\":\"00:30:45\",\"tear_down_time\":\"00:24:29\",\"controller\":\"building_academy\",\"building\":{\"name\":\"Academia\",\"controller\":\"building_academy\",\"image\":null,\"description\":\"La academia es el centro de investigaci\\u00f3n. Grepolis pone a tu alcance distintas tecnolog\\u00edas, que pueden servir para reforzar las tropas, aumentar la eficiencia en la construcci\\u00f3n y desarrollar las t\\u00e1cticas de combate. Cuanto m\\u00e1s alto sea el nivel de ampliaci\\u00f3n de la academia, m\\u00e1s tecnolog\\u00edas podr\\u00e1s descubrir.\",\"level\":null,\"max_level\":36,\"min_level\":1,\"requiredBuildings\":null,\"coordinates\":\"343,96,411,122,472,90,464,66,452,38,405,18,360,38,354,57,347,83\",\"resources\":{\"wood\":100,\"stone\":200,\"iron\":120},\"pop\":3,\"wood_factor\":1.21,\"stone_factor\":1.1,\"iron_factor\":1.2,\"pop_factor\":1,\"hide_factor\":null,\"points\":60,\"points_factor\":1.12,\"build_time\":400,\"build_time_factor\":1.25,\"build_time_reduction\":0,\"bolt_protected\":null,\"image_levels\":[1,8,16,30],\"dependencies\":{\"main\":8,\"farm\":6,\"barracks\":5},\"fixed_building_times\":[],\"level_build_time_factors\":[],\"special\":false,\"resourcesFor\":null,\"resourcesForLevelFixed\":[],\"resourcesForLevelFactor\":[],\"resourcesForLevelReduceFactor\":[],\"offset_value_map\":[],\"id\":\"academy\"}},\"temple\":{\"name\":\"Templo\",\"description\":\"En el templo puedes venerar al dios que elijas. Cada dios de Grepolis tiene unos poderes divinos concretos y puede alumbrar distintas unidades m\\u00edticas. En ambos casos, tendr\\u00e1s que conseguir el favor divino, que obtendr\\u00e1s venerando al dios en el templo. Cuanto m\\u00e1s alto sea el nivel de ampliaci\\u00f3n, m\\u00e1s favor divino te conceder\\u00e1n los dioses.\",\"level\":4,\"current_level\":4,\"next_level\":5,\"get_dependencies\":[],\"can_upgrade\":true,\"can_upgrade_reduced\":true,\"enough_population\":true,\"max_level\":false,\"can_tear_down\":true,\"needed_resources\":{\"wood\":804,\"stone\":1110,\"iron\":898},\"needed_resources_reduced\":{\"wood\":603,\"stone\":833,\"iron\":674},\"enough_resources\":true,\"enough_storage\":true,\"pop\":5,\"pop_tear_down\":5,\"build_time\":\"00:05:20\",\"tear_down_time\":\"00:05:15\",\"controller\":\"building_temple\",\"building\":{\"name\":\"Templo\",\"controller\":\"building_temple\",\"image\":null,\"description\":\"En el templo puedes venerar al dios que elijas. Cada dios de Grepolis tiene unos poderes divinos concretos y puede alumbrar distintas unidades m\\u00edticas. En ambos casos, tendr\\u00e1s que conseguir el favor divino, que obtendr\\u00e1s venerando al dios en el templo. Cuanto m\\u00e1s alto sea el nivel de ampliaci\\u00f3n, m\\u00e1s favor divino te conceder\\u00e1n los dioses.\",\"level\":null,\"max_level\":30,\"min_level\":1,\"requiredBuildings\":null,\"coordinates\":\"73,137,114,135,109,114,95,89,81,63,68,60,51,71,47,93,41,115,41,130,56,135\",\"resources\":{\"wood\":500,\"stone\":900,\"iron\":600},\"pop\":5,\"wood_factor\":0.865,\"stone_factor\":0.7,\"iron_factor\":0.82,\"pop_factor\":1,\"hide_factor\":null,\"points\":200,\"points_factor\":1.08,\"build_time\":1200,\"build_time_factor\":1.145,\"build_time_reduction\":0,\"bolt_protected\":null,\"image_levels\":[1,8,16,25],\"dependencies\":{\"stoner\":1},\"fixed_building_times\":{\"1\":200,\"2\":305,\"3\":310,\"4\":315,\"5\":320,\"6\":360},\"level_build_time_factors\":{\"7\":{\"level\":15,\"factor\":0.035},\"8\":{\"level\":15,\"factor\":0.07},\"9\":{\"level\":15,\"factor\":0.13},\"10\":{\"level\":15,\"factor\":0.24},\"11\":{\"level\":15,\"factor\":0.37},\"12\":{\"level\":15,\"factor\":0.53},\"13\":{\"level\":15,\"factor\":0.68},\"14\":{\"level\":15,\"factor\":0.84}},\"special\":false,\"resourcesFor\":null,\"resourcesForLevelFixed\":[],\"resourcesForLevelFactor\":{\"1\":0.05,\"2\":0.1,\"3\":0.15,\"4\":0.2,\"5\":0.4,\"6\":0.6,\"7\":0.8},\"resourcesForLevelReduceFactor\":[],\"offset_value_map\":[],\"id\":\"temple\"}}};\n    BuildingMain.full_queue = false;\n\n    $(document).ready(function () {\n        BuildingMain.available_gold = 2458;\n        BuildingMain.bindClickeventsOnUpgradeAndTearDownButtons();\n        BuildingMain.buildingMousePopup();\n        BuildingMain.initializeMousePopups();\n        if (BuildingMain.tear_down_menu) {\n            BuildingMain.tearDownClick();\n        } else {\n            BuildingMain.buildClick();\n        }\n    });\n\n    \/\/]]>\n<\/script>\n\n<div class=\"main_window_background\"><\/div>\n<div id=\"techtree\" class=\"build_cost_reduction_enabled\">\n    <div id=\"main_arrow_left\"><\/div>\n    <div id=\"main_arrow_right\"><\/div>\n\n    <div id=\"buildings\" class=\"build_cost_reduction_enabled\">\n                <div id=\"building_main_main\" style=\"\">\n        <div class=\"building_arrow\"><\/div>\n        <div class=\"building\">\n            <div style=\"background-image: url(https:\/\/gpes.innogamescdn.com\/images\/game\/main\/main.png)\" class=\"image bold\">\n                <span class=\"level\">17<\/span>\n                <span class=\"level white\">17<\/span>\n            <\/div>\n\n            <div class=\"name small bold\"><a onclick=\"BuildingWindowFactory.open('main');\"\n                                            href=\"#\">Senado<\/a><\/div>\n\n                            <div class=\"button_build build_grey build_up small bold\"\n                     id=\"building_main_not_possible_button_main\">No disponible<\/div>\n            \n                            <!-- 20% reduction button -->\n                                <a href=\"#\" onclick=\"\"\n                   class=\"build_cost_reduction small disabled\">-25                    %<\/a>\n            \n                            <a href=\"#\" onclick=\"BuildingMain.tearDown('main');\" class=\"button_build tear_down bold small\">\n                    Demoler                <\/a>\n                    <\/div>\n    <\/div>\n        <div id=\"building_main_hide\" style=\"\">\n        <div class=\"building_arrow\"><\/div>\n        <div class=\"building\">\n            <div style=\"background-image: url(https:\/\/gpes.innogamescdn.com\/images\/game\/main\/hide.png)\" class=\"image bold\">\n                <span class=\"level\">2<\/span>\n                <span class=\"level white\">2<\/span>\n            <\/div>\n\n            <div class=\"name small bold\"><a onclick=\"BuildingWindowFactory.open('hide');\"\n                                            href=\"#\">Cueva<\/a><\/div>\n\n                            <a href=\"#\" onclick=\"BuildingMain.buildBuilding('hide', 3);\"\n                   class=\"button_build build_up build small\">\n                    Ampliaci\u00f3n a 3                <\/a>\n            \n                            <!-- 20% reduction button -->\n                                <a href=\"#\" onclick=\"BuildingMain.buildBuilding('hide', 3, true);\"\n                   class=\"build_cost_reduction small \">-25                    %<\/a>\n            \n                            <a href=\"#\" onclick=\"BuildingMain.tearDown('hide');\" class=\"button_build tear_down bold small\">\n                    Demoler                <\/a>\n                    <\/div>\n    <\/div>\n            <div id=\"building_main_lumber\" style=\"\">\n        <div class=\"building_arrow\"><\/div>\n        <div class=\"building\">\n            <div style=\"background-image: url(https:\/\/gpes.innogamescdn.com\/images\/game\/main\/lumber.png)\" class=\"image bold\">\n                <span class=\"level\">13<\/span>\n                <span class=\"level white\">13<\/span>\n            <\/div>\n\n            <div class=\"name small bold\"><a onclick=\"BuildingWindowFactory.open('lumber');\"\n                                            href=\"#\">Aserradero<\/a><\/div>\n\n                            <a href=\"#\" onclick=\"BuildingMain.buildBuilding('lumber', 14);\"\n                   class=\"button_build build_up build small\">\n                    Ampliaci\u00f3n a 14                <\/a>\n            \n                            <!-- 20% reduction button -->\n                                <a href=\"#\" onclick=\"BuildingMain.buildBuilding('lumber', 14, true);\"\n                   class=\"build_cost_reduction small \">-25                    %<\/a>\n            \n                            <a href=\"#\" onclick=\"BuildingMain.tearDown('lumber');\" class=\"button_build tear_down bold small\">\n                    Demoler                <\/a>\n                    <\/div>\n    <\/div>\n        <div id=\"building_main_stoner\" style=\"\">\n        <div class=\"building_arrow\"><\/div>\n        <div class=\"building\">\n            <div style=\"background-image: url(https:\/\/gpes.innogamescdn.com\/images\/game\/main\/stoner.png)\" class=\"image bold\">\n                <span class=\"level\">11<\/span>\n                <span class=\"level white\">11<\/span>\n            <\/div>\n\n            <div class=\"name small bold\"><a onclick=\"BuildingWindowFactory.open('stoner');\"\n                                            href=\"#\">Cantera<\/a><\/div>\n\n                            <a href=\"#\" onclick=\"BuildingMain.buildBuilding('stoner', 12);\"\n                   class=\"button_build build_up build small\">\n                    Ampliaci\u00f3n a 12                <\/a>\n            \n                            <!-- 20% reduction button -->\n                                <a href=\"#\" onclick=\"BuildingMain.buildBuilding('stoner', 12, true);\"\n                   class=\"build_cost_reduction small \">-25                    %<\/a>\n            \n                            <a href=\"#\" onclick=\"BuildingMain.tearDown('stoner');\" class=\"button_build tear_down bold small\">\n                    Demoler                <\/a>\n                    <\/div>\n    <\/div>\n        <div id=\"building_main_ironer\" style=\"\">\n        <div class=\"building_arrow\"><\/div>\n        <div class=\"building\">\n            <div style=\"background-image: url(https:\/\/gpes.innogamescdn.com\/images\/game\/main\/ironer.png)\" class=\"image bold\">\n                <span class=\"level\">11<\/span>\n                <span class=\"level white\">11<\/span>\n            <\/div>\n\n            <div class=\"name small bold\"><a onclick=\"BuildingWindowFactory.open('ironer');\"\n                                            href=\"#\">Mina de plata<\/a><\/div>\n\n                            <a href=\"#\" onclick=\"BuildingMain.buildBuilding('ironer', 12);\"\n                   class=\"button_build build_up build small\">\n                    Ampliaci\u00f3n a 12                <\/a>\n            \n                            <!-- 20% reduction button -->\n                                <a href=\"#\" onclick=\"BuildingMain.buildBuilding('ironer', 12, true);\"\n                   class=\"build_cost_reduction small \">-25                    %<\/a>\n            \n                            <a href=\"#\" onclick=\"BuildingMain.tearDown('ironer');\" class=\"button_build tear_down bold small\">\n                    Demoler                <\/a>\n                    <\/div>\n    <\/div>\n        <div id=\"building_main_market\" style=\"\">\n        <div class=\"building_arrow\"><\/div>\n        <div class=\"building\">\n            <div style=\"background-image: url(https:\/\/gpes.innogamescdn.com\/images\/game\/main\/market.png)\" class=\"image bold\">\n                <span class=\"level\">5<\/span>\n                <span class=\"level white\">5<\/span>\n            <\/div>\n\n            <div class=\"name small bold\"><a onclick=\"BuildingWindowFactory.open('market');\"\n                                            href=\"#\">Mercado<\/a><\/div>\n\n                            <a href=\"#\" onclick=\"BuildingMain.buildBuilding('market', 6);\"\n                   class=\"button_build build_up build small\">\n                    Ampliaci\u00f3n a 6                <\/a>\n            \n                            <!-- 20% reduction button -->\n                                <a href=\"#\" onclick=\"BuildingMain.buildBuilding('market', 6, true);\"\n                   class=\"build_cost_reduction small \">-25                    %<\/a>\n            \n                            <a href=\"#\" onclick=\"BuildingMain.tearDown('market');\" class=\"button_build tear_down bold small\">\n                    Demoler                <\/a>\n                    <\/div>\n    <\/div>\n        <div id=\"building_main_docks\" style=\"\" class=\"main_not_possible\">\n        <div class=\"building_arrow\"><\/div>\n        <div class=\"building\">\n            <div style=\"background-image: url(https:\/\/gpes.innogamescdn.com\/images\/game\/main\/docks.png)\" class=\"image bold\">\n                <span class=\"level\">0<\/span>\n                <span class=\"level white\">0<\/span>\n            <\/div>\n\n            <div class=\"name small bold\"><a onclick=\"BuildingWindowFactory.open('docks');\"\n                                            href=\"#\">Puerto<\/a><\/div>\n\n                            <div class=\"button_build build_grey build_up small bold\"\n                     id=\"building_main_not_possible_button_docks\">No disponible<\/div>\n            \n                            <!-- 20% reduction button -->\n                                <a href=\"#\" onclick=\"\"\n                   class=\"build_cost_reduction small disabled\">-25                    %<\/a>\n            \n                            <div class=\"button_build build_grey tear_down bold small\">No disponible<\/div>\n                    <\/div>\n    <\/div>\n        <div id=\"building_main_barracks\" style=\"\">\n        <div class=\"building_arrow\"><\/div>\n        <div class=\"building\">\n            <div style=\"background-image: url(https:\/\/gpes.innogamescdn.com\/images\/game\/main\/barracks.png)\" class=\"image bold\">\n                <span class=\"level\">7<\/span>\n                <span class=\"level white\">7<\/span>\n            <\/div>\n\n            <div class=\"name small bold\"><a onclick=\"BuildingWindowFactory.open('barracks');\"\n                                            href=\"#\">Cuartel<\/a><\/div>\n\n                            <a href=\"#\" onclick=\"BuildingMain.buildBuilding('barracks', 8);\"\n                   class=\"button_build build_up build small\">\n                    Ampliaci\u00f3n a 8                <\/a>\n            \n                            <!-- 20% reduction button -->\n                                <a href=\"#\" onclick=\"BuildingMain.buildBuilding('barracks', 8, true);\"\n                   class=\"build_cost_reduction small \">-25                    %<\/a>\n            \n                            <a href=\"#\" onclick=\"BuildingMain.tearDown('barracks');\" class=\"button_build tear_down bold small\">\n                    Demoler                <\/a>\n                    <\/div>\n    <\/div>\n        <div id=\"building_main_wall\" style=\"\">\n        <div class=\"building_arrow\"><\/div>\n        <div class=\"building\">\n            <div style=\"background-image: url(https:\/\/gpes.innogamescdn.com\/images\/game\/main\/wall.png)\" class=\"image bold\">\n                <span class=\"level\">4<\/span>\n                <span class=\"level white\">4<\/span>\n            <\/div>\n\n            <div class=\"name small bold\"><a onclick=\"BuildingWindowFactory.open('wall');\"\n                                            href=\"#\">Muralla de la ciudad<\/a><\/div>\n\n                            <a href=\"#\" onclick=\"BuildingMain.buildBuilding('wall', 5);\"\n                   class=\"button_build build_up build small\">\n                    Ampliaci\u00f3n a 5                <\/a>\n            \n                            <!-- 20% reduction button -->\n                                <a href=\"#\" onclick=\"BuildingMain.buildBuilding('wall', 5, true);\"\n                   class=\"build_cost_reduction small \">-25                    %<\/a>\n            \n                            <a href=\"#\" onclick=\"BuildingMain.tearDown('wall');\" class=\"button_build tear_down bold small\">\n                    Demoler                <\/a>\n                    <\/div>\n    <\/div>\n        <div id=\"building_main_storage\" style=\"\">\n        <div class=\"building_arrow\"><\/div>\n        <div class=\"building\">\n            <div style=\"background-image: url(https:\/\/gpes.innogamescdn.com\/images\/game\/main\/storage.png)\" class=\"image bold\">\n                <span class=\"level\">15<\/span>\n                <span class=\"level white\">15<\/span>\n            <\/div>\n\n            <div class=\"name small bold\"><a onclick=\"BuildingWindowFactory.open('storage');\"\n                                            href=\"#\">Almac\u00e9n<\/a><\/div>\n\n                            <div class=\"button_build build_grey build_up small bold\"\n                     id=\"building_main_not_possible_button_storage\">No disponible<\/div>\n            \n                            <!-- 20% reduction button -->\n                                <a href=\"#\" onclick=\"\"\n                   class=\"build_cost_reduction small disabled\">-25                    %<\/a>\n            \n                            <a href=\"#\" onclick=\"BuildingMain.tearDown('storage');\" class=\"button_build tear_down bold small\">\n                    Demoler                <\/a>\n                    <\/div>\n    <\/div>\n        <div id=\"building_main_farm\" style=\"\">\n        <div class=\"building_arrow\"><\/div>\n        <div class=\"building\">\n            <div style=\"background-image: url(https:\/\/gpes.innogamescdn.com\/images\/game\/main\/farm.png)\" class=\"image bold\">\n                <span class=\"level\">24<\/span>\n                <span class=\"level white\">24<\/span>\n            <\/div>\n\n            <div class=\"name small bold\"><a onclick=\"BuildingWindowFactory.open('farm');\"\n                                            href=\"#\">Granja<\/a><\/div>\n\n                            <div class=\"button_build build_grey build_up small bold\"\n                     id=\"building_main_not_possible_button_farm\">No disponible<\/div>\n            \n                            <!-- 20% reduction button -->\n                                <a href=\"#\" onclick=\"\"\n                   class=\"build_cost_reduction small disabled\">-25                    %<\/a>\n            \n                            <a href=\"#\" onclick=\"BuildingMain.tearDown('farm');\" class=\"button_build tear_down bold small\">\n                    Demoler                <\/a>\n                    <\/div>\n    <\/div>\n        <div id=\"building_main_academy\" style=\"\">\n        <div class=\"building_arrow\"><\/div>\n        <div class=\"building\">\n            <div style=\"background-image: url(https:\/\/gpes.innogamescdn.com\/images\/game\/main\/academy.png)\" class=\"image bold\">\n                <span class=\"level\">5<\/span>\n                <span class=\"level white\">5<\/span>\n            <\/div>\n\n            <div class=\"name small bold\"><a onclick=\"BuildingWindowFactory.open('academy');\"\n                                            href=\"#\">Academia<\/a><\/div>\n\n                            <a href=\"#\" onclick=\"BuildingMain.buildBuilding('academy', 6);\"\n                   class=\"button_build build_up build small\">\n                    Ampliaci\u00f3n a 6                <\/a>\n            \n                            <!-- 20% reduction button -->\n                                <a href=\"#\" onclick=\"BuildingMain.buildBuilding('academy', 6, true);\"\n                   class=\"build_cost_reduction small \">-25                    %<\/a>\n            \n                            <a href=\"#\" onclick=\"BuildingMain.tearDown('academy');\" class=\"button_build tear_down bold small\">\n                    Demoler                <\/a>\n                    <\/div>\n    <\/div>\n        <div id=\"building_main_temple\" style=\"\">\n        <div class=\"building_arrow\"><\/div>\n        <div class=\"building\">\n            <div style=\"background-image: url(https:\/\/gpes.innogamescdn.com\/images\/game\/main\/temple.png)\" class=\"image bold\">\n                <span class=\"level\">4<\/span>\n                <span class=\"level white\">4<\/span>\n            <\/div>\n\n            <div class=\"name small bold\"><a onclick=\"BuildingWindowFactory.open('temple');\"\n                                            href=\"#\">Templo<\/a><\/div>\n\n                            <a href=\"#\" onclick=\"BuildingMain.buildBuilding('temple', 5);\"\n                   class=\"button_build build_up build small\">\n                    Ampliaci\u00f3n a 5                <\/a>\n            \n                            <!-- 20% reduction button -->\n                                <a href=\"#\" onclick=\"BuildingMain.buildBuilding('temple', 5, true);\"\n                   class=\"build_cost_reduction small \">-25                    %<\/a>\n            \n                            <a href=\"#\" onclick=\"BuildingMain.tearDown('temple');\" class=\"button_build tear_down bold small\">\n                    Demoler                <\/a>\n                    <\/div>\n    <\/div>\n\n                    <div id=\"special_group_1\" class=\"main_not_possible\">\n    <div class=\"building_arrow\"><\/div>\n    <div class=\"building_special\">\n\n                                    <div id=\"special_building_theater\"\n                     style=\"background-image: url(https:\/\/gpes.innogamescdn.com\/images\/game\/main\/theater_passive.png)\"\n                     class=\"image special_build\"><\/div>\n            \n                            <!-- -20% cost reduction by gold -->\n                                <a href=\"#\" onclick=\"\"\n                   class=\"theater build_cost_reduction small disabled\">-25                    %<\/a>\n            \n                            <div id=\"special_building_theater\"\n                     style=\"background-image: url(https:\/\/gpes.innogamescdn.com\/images\/game\/main\/theater_passive.png)\"\n                     class=\"image special_tear_down\"><\/div>\n                                                <div id=\"special_building_thermal\"\n                     style=\"background-image: url(https:\/\/gpes.innogamescdn.com\/images\/game\/main\/thermal_passive.png)\"\n                     class=\"image special_build\"><\/div>\n            \n                            <!-- -20% cost reduction by gold -->\n                                <a href=\"#\" onclick=\"\"\n                   class=\"thermal build_cost_reduction small disabled\">-25                    %<\/a>\n            \n                            <div id=\"special_building_thermal\"\n                     style=\"background-image: url(https:\/\/gpes.innogamescdn.com\/images\/game\/main\/thermal_passive.png)\"\n                     class=\"image special_tear_down\"><\/div>\n                                                <div id=\"special_building_library\"\n                     style=\"background-image: url(https:\/\/gpes.innogamescdn.com\/images\/game\/main\/library_passive.png)\"\n                     class=\"image special_build\"><\/div>\n            \n                            <!-- -20% cost reduction by gold -->\n                                <a href=\"#\" onclick=\"\"\n                   class=\"library build_cost_reduction small disabled\">-25                    %<\/a>\n            \n                            <div id=\"special_building_library\"\n                     style=\"background-image: url(https:\/\/gpes.innogamescdn.com\/images\/game\/main\/library_passive.png)\"\n                     class=\"image special_tear_down\"><\/div>\n                                                <div id=\"special_building_lighthouse\"\n                     style=\"background-image: url(https:\/\/gpes.innogamescdn.com\/images\/game\/main\/lighthouse_passive.png)\"\n                     class=\"image special_build\"><\/div>\n            \n                            <!-- -20% cost reduction by gold -->\n                                <a href=\"#\" onclick=\"\"\n                   class=\"lighthouse build_cost_reduction small disabled\">-25                    %<\/a>\n            \n                            <div id=\"special_building_lighthouse\"\n                     style=\"background-image: url(https:\/\/gpes.innogamescdn.com\/images\/game\/main\/lighthouse_passive.png)\"\n                     class=\"image special_tear_down\"><\/div>\n                    \n    <\/div>\n<\/div>\n        \n                    <div id=\"special_group_2\" class=\"main_not_possible\">\n    <div class=\"building_arrow\"><\/div>\n    <div class=\"building_special\">\n\n                                    <div id=\"special_building_tower\"\n                     style=\"background-image: url(https:\/\/gpes.innogamescdn.com\/images\/game\/main\/tower_passive.png)\"\n                     class=\"image special_build\"><\/div>\n            \n                            <!-- -20% cost reduction by gold -->\n                                <a href=\"#\" onclick=\"\"\n                   class=\"tower build_cost_reduction small disabled\">-25                    %<\/a>\n            \n                            <div id=\"special_building_tower\"\n                     style=\"background-image: url(https:\/\/gpes.innogamescdn.com\/images\/game\/main\/tower_passive.png)\"\n                     class=\"image special_tear_down\"><\/div>\n                                                <div id=\"special_building_statue\"\n                     style=\"background-image: url(https:\/\/gpes.innogamescdn.com\/images\/game\/main\/statue_passive.png)\"\n                     class=\"image special_build\"><\/div>\n            \n                            <!-- -20% cost reduction by gold -->\n                                <a href=\"#\" onclick=\"\"\n                   class=\"statue build_cost_reduction small disabled\">-25                    %<\/a>\n            \n                            <div id=\"special_building_statue\"\n                     style=\"background-image: url(https:\/\/gpes.innogamescdn.com\/images\/game\/main\/statue_passive.png)\"\n                     class=\"image special_tear_down\"><\/div>\n                                                <div id=\"special_building_oracle\"\n                     style=\"background-image: url(https:\/\/gpes.innogamescdn.com\/images\/game\/main\/oracle_passive.png)\"\n                     class=\"image special_build\"><\/div>\n            \n                            <!-- -20% cost reduction by gold -->\n                                <a href=\"#\" onclick=\"\"\n                   class=\"oracle build_cost_reduction small disabled\">-25                    %<\/a>\n            \n                            <div id=\"special_building_oracle\"\n                     style=\"background-image: url(https:\/\/gpes.innogamescdn.com\/images\/game\/main\/oracle_passive.png)\"\n                     class=\"image special_tear_down\"><\/div>\n                                                <div id=\"special_building_trade_office\"\n                     style=\"background-image: url(https:\/\/gpes.innogamescdn.com\/images\/game\/main\/trade_office_passive.png)\"\n                     class=\"image special_build\"><\/div>\n            \n                            <!-- -20% cost reduction by gold -->\n                                <a href=\"#\" onclick=\"\"\n                   class=\"trade_office build_cost_reduction small disabled\">-25                    %<\/a>\n            \n                            <div id=\"special_building_trade_office\"\n                     style=\"background-image: url(https:\/\/gpes.innogamescdn.com\/images\/game\/main\/trade_office_passive.png)\"\n                     class=\"image special_tear_down\"><\/div>\n                    \n    <\/div>\n<\/div>\n            <\/div>\n<\/div>\n\n<div id=\"main_tasks\">\n    <h4>Cola de construcci\u00f3n (4        \/7)<\/h4>\n\n    <div id=\"building_tasks_main\">\n        <div class=\"various_orders_queue\">\n            <div class=\"grepo-frame\">\n                <div class=\"frame-border-left\"><\/div>\n                <div class=\"frame-border-right\"><\/div>\n                <div class=\"frame-border-top\"><\/div>\n                <div class=\"frame-border-bottom\"><\/div>\n                <div class=\"frame-corner-top-left\"><\/div>\n                <div class=\"frame-corner-top-right\"><\/div>\n                <div class=\"frame-corner-bottom-left\"><\/div>\n                <div class=\"frame-corner-bottom-right\"><\/div>\n                <div class=\"frame-content\">\n                    <div class=\"various_orders_background\">\n                        <div class=\"various_orders_left construction_queue_sprite queue_bg_senate_left\"><\/div>\n                        <div class=\"various_orders_middle\"><\/div>\n                        <div class=\"various_orders_right construction_queue_sprite queue_bg_senate_right\"><\/div>\n                        <div class=\"various_orders_content\">\n                            <!-- Here goes the building queue -->\n                        <\/div>\n                    <\/div>\n                <\/div>\n            <\/div>\n        <\/div>\n    <\/div>\n<\/div>\n<script type=\"text\/javascript\">\n    \/\/<![CDATA[\n    if (Layout.new_construction_queue) {\n        Layout.new_construction_queue._destroy();\n        Layout.new_construction_queue = null;\n    }\n\n    Layout.new_construction_queue = window.layout_main_controller.getConstructionQueueControllerObject(\n        $(\"#building_tasks_main .various_orders_queue .frame-content .various_orders_content\"),\n        DM.getTemplate('COMMON', 'construction_queue'),\n        'building_main_construction_queue'\n    );\n\n    Layout.new_construction_queue.renderPage();\n    \/\/]]>\n<\/script>\n","json":null,"t_token":11886,"notifications":[],"next_fetch_in":300},"_srvtime":1676932791,"version":"2.281.1","update":"unknown","language":"es_ES"}