{"json":{"models":[],"collections":{"Towns":{"data":[{"c":"Town","d":{"player_id":92520,"name":"maunaloa","island_x":422,"island_y":466,"resources_last_update":1676932503,"resource_rare":"wood","resource_plenty":"stone","population_extra":0,"god":"athena","points":1476,"espionage_storage":1000,"id":10721,"available_population":406,"last_wood":6248,"last_stone":1049,"last_iron":6312,"population":{"max":720,"blocked":314},"max_trade_capacity":2000,"link_fragment":"eyJpZCI6MTA3MjEsIml4Ijo0MjIsIml5Ijo0NjYsIm5hbWUiOiJtYXVuYWxvYSJ9","resources":{"wood":6248,"stone":1049,"iron":6312},"resources_contraints":{"plenty":"stone","rare":"wood"},"production":{"wood":197,"stone":110,"iron":174},"storage":9324,"sea_id":44,"island_id":55393,"island_type":46,"abs_x":54122,"abs_y":59990,"on_small_island":false,"available_trade_capacity":2000,"conquest":false,"has_conqueror":false}},{"c":"Town","d":{"player_id":92520,"name":"iiiiiiiiii","island_x":421,"island_y":458,"resources_last_update":1676932431,"resource_rare":"wood","resource_plenty":"stone","population_extra":50,"god":"poseidon","points":5041,"espionage_storage":0,"id":12016,"available_population":878,"last_wood":3636,"last_stone":8757,"last_iron":2766,"population":{"max":2517,"blocked":1639},"max_trade_capacity":2500,"link_fragment":"eyJpZCI6MTIwMTYsIml4Ijo0MjEsIml5Ijo0NTgsIm5hbWUiOiJpaWlpaWlpaWlpIn0=","resources":{"wood":3636,"stone":8757,"iron":2766},"resources_contraints":{"plenty":"stone","rare":"wood"},"production":{"wood":318,"stone":268,"iron":244},"storage":16939,"sea_id":44,"island_id":52971,"island_type":42,"abs_x":54065,"abs_y":59068,"on_small_island":false,"available_trade_capacity":2500,"conquest":false,"has_conqueror":false}},{"c":"Town","d":{"player_id":92520,"name":"MARODI","island_x":426,"island_y":453,"resources_last_update":1676932738,"resource_rare":"iron","resource_plenty":"wood","population_extra":0,"god":"hera","points":1750,"espionage_storage":2000,"id":11886,"available_population":1065,"last_wood":5599,"last_stone":2071,"last_iron":7683,"population":{"max":1426,"blocked":361},"max_trade_capacity":2500,"link_fragment":"eyJpZCI6MTE4ODYsIml4Ijo0MjYsIml5Ijo0NTMsIm5hbWUiOiJNQVJPREkifQ==","resources":{"wood":5599,"stone":2071,"iron":7683},"resources_contraints":{"plenty":"wood","rare":"iron"},"production":{"wood":268,"stone":220,"iron":220},"storage":9324,"sea_id":44,"island_id":52957,"island_type":7,"abs_x":54649,"abs_y":58158,"on_small_island":false,"available_trade_capacity":2500,"conquest":false,"has_conqueror":false}},{"c":"Town","d":{"player_id":92520,"name":"Ciudad de Arishia","island_x":411,"island_y":455,"resources_last_update":1676932589,"resource_rare":"stone","resource_plenty":"wood","population_extra":0,"god":"zeus","points":1356,"espionage_storage":0,"id":12536,"available_population":824,"last_wood":1072,"last_stone":480,"last_iron":6237,"population":{"max":1015,"blocked":191},"max_trade_capacity":1000,"link_fragment":"eyJpZCI6MTI1MzYsIml4Ijo0MTEsIml5Ijo0NTUsIm5hbWUiOiJDaXVkYWQgZGUgQXJpc2hpYSJ9","resources":{"wood":1072,"stone":480,"iron":6237},"resources_contraints":{"plenty":"wood","rare":"stone"},"production":{"wood":369,"stone":318,"iron":293},"storage":6984,"sea_id":44,"island_id":52909,"island_type":3,"abs_x":53099,"abs_y":58771,"on_small_island":false,"available_trade_capacity":1000,"conquest":false,"has_conqueror":false}}]}},"t_token":12016,"notifications":[{"id":47665480,"time":1676922827,"type":"resourcetransport","param_id":1204110,"param_str":null,"subject":"Se ha completado la entrega de recursos de Giga a iiiiiiiiii."}],"next_fetch_in":300},"_srvtime":1676932774,"version":"2.281.1","update":"unknown","language":"es_ES"}