{"json":{"models":[],"collections":[],"templates":{"farm_town":{"index":"<%\n\tvar locked = level === 0;\n%>\n<div class=\"farm_towns lvl_<%= level %>\">\n\n\t<div class=\"infos\">\n\t\t<div class=\"village_info\">\n\t\t\t<div class=\"btn_prev square next_prev small button button_new\"><\/div>\n\t\t\t<div class=\"btn_next square next_prev small button button_new\"><\/div>\n\n\t\t\t<div class=\"village_name\">\n\t\t\t\t<%= name %>\n\t\t\t<\/div>\n\t\t\t<div class=\"village_level_state\">\n\t\t\t\t<div class=\"village_level\">\n\t\t\t\t<\/div>\n\t\t\t<\/div>\n\t\t\t<div class=\"village_level_text\">\n\t\t\t\t<% if (locked){ %>\n\t\t\t\t\t<%= l10n.ruin %>\n\t\t\t\t<% } else { %>\n\t\t\t\t\t<%= l10n.level %> <%= level %>\n\t\t\t\t<% } %>\n\t\t\t<\/div>\n\t\t<\/div>\n\t\t<% if (level !== max_level){ %>\n\t\t\t<div class=\"village_update_btn idle\">\n\t\t\t\t<div class=\"icon_upgrade_btn\"><\/div>\n\t\t\t\t<div class=\"btn_upgrade button button_new\"><\/div>\n\t\t\t<\/div>\n\t\t<% } %>\n\t\t<div class=\"upgrade_running\">\n\t\t\t<div class=\"upgrade_running_top\"><\/div>\n\t\t\t<div class=\"upgrade_running_middle\">\n\t\t\t\t<div class=\"lbl_complete\">\n\t\t\t\t\t<%= l10n.upgrade_complete_in %>\n\t\t\t\t<\/div>\n\t\t\t\t<div class=\"upgrade_icon\"><\/div>\n\t\t\t\t<div class=\"pb_bpv_upgrade_time single-progressbar double_border\"><\/div>\n\t\t\t<\/div>\n\t\t\t<div class=\"upgrade_running_bottom\"><\/div>\n        <\/div>\n\t<\/div>\n\n\n\t<div class=\"actions <%= advisor_advertisment ? 'advisor' : '' %>\">\n        <% if(!locked) { %>\n        <div class=\"action_tabs\">\n\t\t\t<div class=\"resources_max\">\n\t\t\t\t<div class=\"single-progressbar2 resources_pb\"><\/div>\n\t\t\t<\/div>\n\t\t\t<div class=\"resources button_tab\"><\/div>\n\t\t\t<div class=\"units button_tab\"><\/div>\n\t\t\t<div class=\"trade button_tab\"><\/div>\n        <\/div>\n\t\t<div class=\"action_description\"><\/div>\n        <% } else { %>\n\t\t\t<div class=\"action_title\"><%= l10n.unlock_village %><\/div>\n\t\t<% } %>\n\t\t<div class=\"action_wrapper\">\n\t\t<\/div>\n\t\t<div class=\"actions_locked_banner hidden\">\n\t\t\t<div class=\"banner\">\n\t\t\t\t<div class=\"unlock_text\">\n\t\t\t\t\t<div class=\"unlock_icon\"><\/div>\n\t\t\t\t\t<div class=\"text\"><\/div>\n\t\t\t\t\t<span class=\"pb_bpv_unlock_time\"><\/span>\n\t\t\t\t<\/div>\n\t\t\t<\/div>\n\t\t<\/div>\n\t<\/div>\n\n\t<div class=\"advisor_advertisment\"><\/div>\n<\/div>\n\n\n\n","card":"<div class=\"action_card <%= card_type %>_bpv\">\n\t<% if (card_type === 'units') { %>\n\t\t<div class=\"action_icon unit_icon50x50 <%= icon_type %>\"><\/div>\n\t<% } else { %>\n\t\t<div class=\"action_icon\"><\/div>\n\t<% } %>\n\t<div class=\"action_count\"><%= count %><\/div>\n    <div class=\"action_time_wrapper\">\n    \t<div class=\"action_time\"><%= time %><\/div>\n\t<\/div>\n\t<div class=\"card_click_area\">\n\t\t<div class=\"btn_claim_<%= card_type %> button button_new\"><\/div>\n\t<\/div>\n\t<div class=\"curtain <%= (locked || card_locked) ? '' : 'hidden' %>\"><\/div>\n\t<% if (card_locked) { %>\n\t\t<div class=\"card_banner <%= locked ? 'hidden' : '' %>\">\n\t\t\t<div class=\"card_banner_text\"><%= locked_text %><\/div>\n\t\t<\/div>\n\t<% } %>\n<\/div>\n","locked_card":"<%= _game_border %>\n<div class=\"bpv_trade_title\">\n    <%= l10n.trade_possibilities %>\n<\/div>\n<div class=\"bpv_trade_illustration\">\n    <div class=\"trade_frame_top\"><\/div>\n    <div class=\"trade_frame_bottom\"><\/div>\n    <div class=\"trade_frame_left\"><\/div>\n    <div class=\"trade_frame_right\"><\/div>\n    <div class=\"trade_frame_corner corner1\"><\/div>\n    <div class=\"trade_frame_corner corner2\"><\/div>\n    <div class=\"trade_frame_corner corner3\"><\/div>\n    <div class=\"trade_frame_corner corner4\"><\/div>\n<\/div>\n<div class=\"bpv_trade_description\">\n    <%= l10n.trade_description %>\n<\/div>\n<div class=\"btn_unlock button button_new\">\n<\/div>","trading":"<div class=\"trading_wrapper\">\n\t<div class=\"single-progressbar bpv_capacity_bar\"><\/div>\n\t<div class=\"label bpv_ratio_text \"><%= l10n.ratio %><\/div>\n\t<div class=\"label ratio trade_ratio\"><\/div>\n\t<div class=\"trade_you_pay\">\n\t\t<div class=\"you_pay_wrapper\">\n\t\t\t<div class=\"you_pay_text label trade_text\" name=\"<%= l10n.trade_you_pay %>\">\n\t\t\t<\/div>\n\t\t\t<div class=\"bpv_trading_offer spinner\"><\/div>\n\t\t<\/div>\n\t\t<div class=\"you_pay_arrow trade_arrows\"><\/div>\n\t\t<div class=\"trade_resource_box\">\n\t\t\t<div class=\"resource\"><\/div>\n\t\t<\/div>\n\t<\/div>\n\t<div class=\"trade_you_get\">\n\t\t<div class=\"you_get_wrapper\">\n\t\t\t<div class=\"you_get_text label trade_text\" name=\"<%= l10n.trade_you_get %>\">\n\t\t\t<\/div>\n            <div class=\"bpv_trading_demand spinner\"><\/div>\n            <div class=\"hymn_to_aphrodite_trade_output\"><\/div>\n\t\t<\/div>\n\t\t<div class=\"you_get_arrow trade_arrows\"><\/div>\n\t\t<div class=\"trade_resource_box\">\n\t\t\t<div class=\"resource\"><\/div>\n\t\t<\/div>\n\t<\/div>\n\t<div class=\"duration\">\n\t\t<span class=\"way_duration\"><\/span>\n\t\t<span class=\"arrival_time\"><\/span>\n\t<\/div>\n\t<div class=\"btn_trade button button_new\"><\/div>\n\t<div class=\"curtain hidden\"><\/div>\n<\/div>\n","locked":"<%= _game_border %>\n<div class=\"bpv_trade_title\">\n\t<%= l10n.trade_possibilities %>\n<\/div>\n<div class=\"bpv_trade_illustration\">\n\t<div class=\"trade_frame_top\"><\/div>\n\t<div class=\"trade_frame_bottom\"><\/div>\n\t<div class=\"trade_frame_left\"><\/div>\n\t<div class=\"trade_frame_right\"><\/div>\n\t<div class=\"trade_frame_corner corner1\"><\/div>\n\t<div class=\"trade_frame_corner corner2\"><\/div>\n\t<div class=\"trade_frame_corner corner3\"><\/div>\n\t<div class=\"trade_frame_corner corner4\"><\/div>\n\t<div class=\"content\">\n\t\t<div class=\"trade_you_pay\">\n\t\t\t<div class=\"you_pay_text trade_text\">\n\t\t\t\t<%= l10n.trade_you_pay%>\n\t\t\t<\/div>\n\t\t\t<div class=\"you_pay_arrow trade_arrows\"><\/div>\n\t\t\t<div class=\"trade_resource_box\">\n\t\t\t\t<div class=\"resource <%= offer %>\"><\/div>\n\t\t\t<\/div>\n\t\t<\/div>\n\t\t<div class=\"trade_you_get\">\n\t\t\t<div class=\"you_get_text trade_text\">\n\t\t\t\t<%= l10n.trade_you_get %>\n\t\t\t<\/div>\n\t\t\t<div class=\"you_get_arrow trade_arrows\"><\/div>\n\t\t\t<div class=\"trade_resource_box\">\n\t\t\t\t<div class=\"resource <%= demand %>\"><\/div>\n\t\t\t<\/div>\n\t\t<\/div>\n\t\t<div class=\"unlock_ration\">\n\t\t\t<div class=\"unlock_ratio_text\"><%= l10n.ratio %><\/div>\n\t\t\t<div class=\"unlock_ratio_value\"><%= ratio_value %><\/div>\n\t\t<\/div>\n\t<\/div>\n<\/div>\n<div class=\"bpv_trade_description\">\n\t<%= l10n.trade_description %>\n<\/div>\n<div class=\"buttons\">\n\t<div class=\"vertical_divider\"><\/div>\n\t<div class=\"btn_unlock button button_new double_border\"><\/div>\n<\/div>","upgrade_button_tooltip":"<div class=\"upgrade_button_tooltip\">\n    <div class=\"hl\"><%= l10n.costs %><\/div>\n    <div class=\"divider\"><\/div>\n    <div class=\"battle_points\">\n\t\t<span><%= cost %><\/span><div class=\"battle_points_icon\"><\/div>\n\t<\/div>\n\t<% if (show_time) { %>\n\t\t<div class=\"hl hl2\"><%= l10n.upgrade_time %><\/div>\n\t\t<div class=\"divider\"><\/div>\n        <div class=\"upgrade_time\"><%= upgrade_duration %><\/div>\n\t<% } %>\n\t<div class=\"hl hl3\"><%= l10n.upgrade_advantages %><\/div>\n    <div class=\"divider\"><\/div>\n    <ul>\n    <% for (var i = 0; i < advantages.length; i++) { %>\n\t\t<li><%= advantages[i] %><\/li>\n\t<% } %>\n\t<\/ul>\n\t<% if (disabled) { %>\n\t\t<% if(battle_points < cost) { %>\n\t\t\t<div class=\"red divider\"><\/div>\n\t\t\t<div class=\"red\"><%= l10n.tooltips.battlepoints_needed %><\/div>\n\t\t<% } %>\n\t<% } %>\n<\/div>","advisor_container":"<div class=\"advisor_container\">\n\t<div class=\"game_border\">\n\t<%= _game_border %>\n\t<div class=\"content odd\">\n\t\t<div class=\"construction_queue_sprite queue_advisor-banner-BG\"><\/div>\n\n\t\t<div class=\"construction_queue_sprite frame\">\n\t\t\t<div class=\"advisors40x40 captain\"><\/div>\n\t\t<\/div>\n\t\t<div class=\"text\"><%= l10n.advisor_banner.captain %><\/div>\n\t\t<div class=\"iconbox\">\n\t\t\t<span class=\"advantage_icon\"><\/span><span class=\"caption\">+<%= l10n.advisor_banner.advantage %><\/span>\n\t\t<\/div>\n\t\t<div class=\"btn_activate_captain button_new\"><\/div>\n\t<\/div>\n\t<\/div>\n<\/div>\n","claim_tooltip":"<div class=\"claim_tooltip\">\n\t<div class=\"headline\"><%= l10n.you_get %><\/div>\n\t<div class=\"divider\"><\/div>\n\t<% if (type === 'resources') { %>\n\t<div class=\"resources clearfix\">\n\t\t<div class=\"wood\"><span class=\"amount\"><%= amount %><\/span><\/div>\n\t\t<div class=\"stone\"><span class=\"amount\"><%= amount %><\/span><\/div>\n\t\t<div class=\"iron\"><span class=\"amount\"><%= amount %><\/span><\/div>\n\t<\/div>\n\t<% } else { %>\n\t<div class=\"unit_text\"><%= amount %>x <%= unit_name %><\/div>\n\t<% } %>\n\t<div class=\"headline\"><%= l10n.cooldown_time %><\/div>\n\t<div class=\"divider\"><\/div>\n\t<div class=\"time\"><%= cooldown %><\/div>\n<\/div>\n"}},"t_token":12016,"notifications":[],"next_fetch_in":300},"_srvtime":1676932782,"version":"2.281.1","update":"unknown","language":"es_ES"}