{"json":{"models":[],"collections":{"Units":{"data":[{"c":"Units","d":{"id":683106,"home_town_id":12016,"current_town_id":12016,"sword":540,"slinger":18,"archer":49,"hoplite":0,"rider":0,"chariot":3,"catapult":0,"minotaur":0,"manticore":0,"zyklop":0,"harpy":0,"medusa":0,"centaur":0,"pegasus":0,"cerberus":0,"fury":0,"griffin":0,"calydonian_boar":0,"satyr":0,"spartoi":0,"ladon":0,"godsent":0,"big_transporter":5,"bireme":20,"attack_ship":12,"demolition_ship":0,"small_transporter":0,"trireme":0,"colonize_ship":0,"sea_monster":0,"siren":0,"militia":0,"heroes":null,"current_town_player_name":"Arishia","current_town_player_id":92520,"home_town_name":"iiiiiiiiii","current_town_name":"iiiiiiiiii","island_x":421,"island_y":458,"same_island":true,"home_town_link":"<a href=\"#eyJpZCI6MTIwMTYsIml4Ijo0MjEsIml5Ijo0NTgsInRwIjoidG93biIsIm5hbWUiOiJpaWlpaWlpaWlpIn0=\" class=\"gp_town_link\">iiiiiiiiii<\/a>","current_town_link":"<a href=\"#eyJpZCI6MTIwMTYsIml4Ijo0MjEsIml5Ijo0NTgsInRwIjoidG93biIsIm5hbWUiOiJpaWlpaWlpaWlpIn0=\" class=\"gp_town_link\">iiiiiiiiii<\/a>","current_player_link":"<a  href=\"#eyJuYW1lIjoiQXJpc2hpYSIsImlkIjo5MjUyMH0=\" class=\"gp_player_link\">Arishia<\/a>"}},{"c":"Units","d":{"id":763861,"home_town_id":12536,"current_town_id":12536,"sword":0,"slinger":0,"archer":0,"hoplite":0,"rider":0,"chariot":0,"catapult":0,"minotaur":0,"manticore":0,"zyklop":0,"harpy":0,"medusa":0,"centaur":0,"pegasus":0,"cerberus":0,"fury":0,"griffin":0,"calydonian_boar":0,"satyr":0,"spartoi":0,"ladon":0,"godsent":0,"big_transporter":0,"bireme":0,"attack_ship":0,"demolition_ship":0,"small_transporter":0,"trireme":0,"colonize_ship":0,"sea_monster":0,"siren":0,"militia":0,"heroes":null,"current_town_player_name":"Arishia","current_town_player_id":92520,"home_town_name":"Ciudad de Arishia","current_town_name":"Ciudad de Arishia","island_x":411,"island_y":455,"same_island":true,"home_town_link":"<a href=\"#eyJpZCI6MTI1MzYsIml4Ijo0MTEsIml5Ijo0NTUsInRwIjoidG93biIsIm5hbWUiOiJDaXVkYWQgZGUgQXJpc2hpYSJ9\" class=\"gp_town_link\">Ciudad de Arishia<\/a>","current_town_link":"<a href=\"#eyJpZCI6MTI1MzYsIml4Ijo0MTEsIml5Ijo0NTUsInRwIjoidG93biIsIm5hbWUiOiJDaXVkYWQgZGUgQXJpc2hpYSJ9\" class=\"gp_town_link\">Ciudad de Arishia<\/a>","current_player_link":"<a  href=\"#eyJuYW1lIjoiQXJpc2hpYSIsImlkIjo5MjUyMH0=\" class=\"gp_player_link\">Arishia<\/a>"}},{"c":"Units","d":{"id":513146,"home_town_id":10721,"current_town_id":10721,"sword":35,"slinger":0,"archer":0,"hoplite":0,"rider":0,"chariot":0,"catapult":0,"minotaur":0,"manticore":0,"zyklop":0,"harpy":0,"medusa":0,"centaur":0,"pegasus":0,"cerberus":0,"fury":0,"griffin":0,"calydonian_boar":0,"satyr":0,"spartoi":0,"ladon":0,"godsent":10,"big_transporter":0,"bireme":0,"attack_ship":5,"demolition_ship":0,"small_transporter":0,"trireme":0,"colonize_ship":0,"sea_monster":0,"siren":0,"militia":0,"heroes":null,"current_town_player_name":"Arishia","current_town_player_id":92520,"home_town_name":"maunaloa","current_town_name":"maunaloa","island_x":422,"island_y":466,"same_island":true,"home_town_link":"<a href=\"#eyJpZCI6MTA3MjEsIml4Ijo0MjIsIml5Ijo0NjYsInRwIjoidG93biIsIm5hbWUiOiJtYXVuYWxvYSJ9\" class=\"gp_town_link\">maunaloa<\/a>","current_town_link":"<a href=\"#eyJpZCI6MTA3MjEsIml4Ijo0MjIsIml5Ijo0NjYsInRwIjoidG93biIsIm5hbWUiOiJtYXVuYWxvYSJ9\" class=\"gp_town_link\">maunaloa<\/a>","current_player_link":"<a  href=\"#eyJuYW1lIjoiQXJpc2hpYSIsImlkIjo5MjUyMH0=\" class=\"gp_player_link\">Arishia<\/a>"}},{"c":"Units","d":{"id":663309,"home_town_id":11886,"current_town_id":11886,"sword":0,"slinger":0,"archer":0,"hoplite":69,"rider":0,"chariot":0,"catapult":0,"minotaur":0,"manticore":0,"zyklop":0,"harpy":0,"medusa":0,"centaur":0,"pegasus":0,"cerberus":0,"fury":0,"griffin":0,"calydonian_boar":0,"satyr":0,"spartoi":0,"ladon":0,"godsent":24,"big_transporter":0,"bireme":0,"attack_ship":0,"demolition_ship":0,"small_transporter":0,"trireme":0,"colonize_ship":0,"sea_monster":0,"siren":0,"militia":0,"heroes":null,"current_town_player_name":"Arishia","current_town_player_id":92520,"home_town_name":"MARODI","current_town_name":"MARODI","island_x":426,"island_y":453,"same_island":true,"home_town_link":"<a href=\"#eyJpZCI6MTE4ODYsIml4Ijo0MjYsIml5Ijo0NTMsInRwIjoidG93biIsIm5hbWUiOiJNQVJPREkifQ==\" class=\"gp_town_link\">MARODI<\/a>","current_town_link":"<a href=\"#eyJpZCI6MTE4ODYsIml4Ijo0MjYsIml5Ijo0NTMsInRwIjoidG93biIsIm5hbWUiOiJNQVJPREkifQ==\" class=\"gp_town_link\">MARODI<\/a>","current_player_link":"<a  href=\"#eyJuYW1lIjoiQXJpc2hpYSIsImlkIjo5MjUyMH0=\" class=\"gp_player_link\">Arishia<\/a>"}}]}},"t_token":12016,"notifications":[{"id":47665480,"time":1676922827,"type":"resourcetransport","param_id":1204110,"param_str":null,"subject":"Se ha completado la entrega de recursos de Giga a iiiiiiiiii."}],"next_fetch_in":300},"_srvtime":1676932774,"version":"2.281.1","update":"unknown","language":"es_ES"}