{"json":{"models":[],"collections":{"BuildingBuildDatas":{"data":[{"c":"BuildingBuildData","d":{"id":10721,"player_id":92520,"town_id":10721,"is_building_order_queue_full":false,"building_data":{"main":{"can_upgrade":false,"can_upgrade_reduced":false,"can_tear_down":true,"enough_storage":true,"enough_resources":false,"level":15,"next_level":16,"tear_down_level":14,"special":false,"has_max_level":false,"resources_for":{"wood":2328,"stone":2226,"iron":1176},"resources_for_reduced":{"wood":1746,"stone":1670,"iron":882},"population_for":5,"population_free":6,"missing_dependencies":[],"building_time":"02:14:01","tear_down_time":"01:59:19","group_locked":false},"hide":{"can_upgrade":true,"can_upgrade_reduced":true,"can_tear_down":false,"enough_storage":true,"enough_resources":true,"level":1,"next_level":2,"tear_down_level":0,"special":false,"has_max_level":false,"resources_for":{"wood":492,"stone":800,"iron":1306},"resources_for_reduced":{"wood":369,"stone":600,"iron":980},"population_for":2,"population_free":3,"missing_dependencies":[],"building_time":"00:00:38","tear_down_time":"00:00:07","group_locked":false},"place":{"can_upgrade":false,"can_upgrade_reduced":false,"can_tear_down":false,"enough_storage":true,"enough_resources":true,"level":1,"next_level":1,"tear_down_level":0,"special":false,"has_max_level":true,"resources_for":{"wood":10,"stone":0,"iron":0},"resources_for_reduced":{"wood":8,"stone":0,"iron":0},"population_for":0,"population_free":0,"missing_dependencies":[],"building_time":"00:00:01","tear_down_time":"00:00:01","group_locked":false},"lumber":{"can_upgrade":true,"can_upgrade_reduced":true,"can_tear_down":true,"enough_storage":true,"enough_resources":true,"level":11,"next_level":12,"tear_down_level":10,"special":false,"has_max_level":false,"resources_for":{"wood":292,"stone":369,"iron":275},"resources_for_reduced":{"wood":219,"stone":277,"iron":207},"population_for":2,"population_free":3,"missing_dependencies":[],"building_time":"00:43:48","tear_down_time":"00:37:33","group_locked":false},"stoner":{"can_upgrade":true,"can_upgrade_reduced":true,"can_tear_down":true,"enough_storage":true,"enough_resources":true,"level":6,"next_level":7,"tear_down_level":5,"special":false,"has_max_level":false,"resources_for":{"wood":77,"stone":105,"iron":143},"resources_for_reduced":{"wood":58,"stone":79,"iron":108},"population_for":2,"population_free":2,"missing_dependencies":[],"building_time":"00:05:46","tear_down_time":"00:06:00","group_locked":false},"ironer":{"can_upgrade":true,"can_upgrade_reduced":true,"can_tear_down":true,"enough_storage":true,"enough_resources":true,"level":9,"next_level":10,"tear_down_level":8,"special":false,"has_max_level":false,"resources_for":{"wood":397,"stone":200,"iron":252},"resources_for_reduced":{"wood":298,"stone":150,"iron":189},"population_for":2,"population_free":2,"missing_dependencies":[],"building_time":"00:37:21","tear_down_time":"00:24:27","group_locked":false},"market":{"can_upgrade":true,"can_upgrade_reduced":true,"can_tear_down":true,"enough_storage":true,"enough_resources":true,"level":4,"next_level":5,"tear_down_level":3,"special":false,"has_max_level":false,"resources_for":{"wood":541,"stone":271,"iron":121},"resources_for_reduced":{"wood":406,"stone":204,"iron":91},"population_for":2,"population_free":3,"missing_dependencies":[],"building_time":"00:06:09","tear_down_time":"00:03:16","group_locked":false},"docks":{"can_upgrade":false,"can_upgrade_reduced":false,"can_tear_down":false,"enough_storage":true,"enough_resources":true,"level":0,"next_level":1,"tear_down_level":0,"special":false,"has_max_level":false,"resources_for":{"wood":400,"stone":200,"iron":100},"resources_for_reduced":{"wood":300,"stone":150,"iron":75},"population_for":4,"population_free":0,"missing_dependencies":{"lumber":{"needed_level":15,"name":"Aserradero"},"ironer":{"needed_level":10,"name":"Mina de plata"}},"building_time":"00:00:25","tear_down_time":"00:00:01","group_locked":false},"barracks":{"can_upgrade":true,"can_upgrade_reduced":true,"can_tear_down":true,"enough_storage":true,"enough_resources":true,"level":6,"next_level":7,"tear_down_level":5,"special":false,"has_max_level":false,"resources_for":{"wood":752,"stone":516,"iron":801},"resources_for_reduced":{"wood":564,"stone":387,"iron":601},"population_for":2,"population_free":2,"missing_dependencies":[],"building_time":"00:05:05","tear_down_time":"00:06:00","group_locked":false},"wall":{"can_upgrade":false,"can_upgrade_reduced":false,"can_tear_down":true,"enough_storage":true,"enough_resources":false,"level":4,"next_level":5,"tear_down_level":3,"special":false,"has_max_level":false,"resources_for":{"wood":400,"stone":1750,"iron":1175},"resources_for_reduced":{"wood":300,"stone":1313,"iron":882},"population_for":3,"population_free":2,"missing_dependencies":[],"building_time":"00:09:58","tear_down_time":"00:05:58","group_locked":false},"storage":{"can_upgrade":false,"can_upgrade_reduced":false,"can_tear_down":true,"enough_storage":true,"enough_resources":false,"level":15,"next_level":16,"tear_down_level":14,"special":false,"has_max_level":false,"resources_for":{"wood":2368,"stone":3721,"iron":1496},"resources_for_reduced":{"wood":1776,"stone":2791,"iron":1122},"population_for":0,"population_free":0,"missing_dependencies":[],"building_time":"02:45:34","tear_down_time":"02:32:56","group_locked":false},"farm":{"can_upgrade":false,"can_upgrade_reduced":true,"can_tear_down":true,"enough_storage":true,"enough_resources":false,"level":15,"next_level":16,"tear_down_level":14,"special":false,"has_max_level":false,"resources_for":{"wood":1428,"stone":1391,"iron":776},"resources_for_reduced":{"wood":1071,"stone":1044,"iron":582},"population_for":0,"population_free":0,"missing_dependencies":[],"building_time":"01:41:34","tear_down_time":"01:31:01","group_locked":false},"academy":{"can_upgrade":false,"can_upgrade_reduced":false,"can_tear_down":true,"enough_storage":true,"enough_resources":false,"level":11,"next_level":12,"tear_down_level":10,"special":false,"has_max_level":false,"resources_for":{"wood":2022,"stone":3077,"iron":2367},"resources_for_reduced":{"wood":1517,"stone":2308,"iron":1776},"population_for":3,"population_free":3,"missing_dependencies":[],"building_time":"01:21:26","tear_down_time":"01:13:02","group_locked":false},"temple":{"can_upgrade":false,"can_upgrade_reduced":false,"can_tear_down":true,"enough_storage":true,"enough_resources":false,"level":5,"next_level":6,"tear_down_level":4,"special":false,"has_max_level":false,"resources_for":{"wood":1413,"stone":1893,"iron":1564},"resources_for_reduced":{"wood":1060,"stone":1420,"iron":1173},"population_for":5,"population_free":5,"missing_dependencies":[],"building_time":"00:06:00","tear_down_time":"00:05:20","group_locked":false},"theater":{"can_upgrade":false,"can_upgrade_reduced":false,"can_tear_down":false,"enough_storage":true,"enough_resources":false,"level":0,"next_level":1,"tear_down_level":0,"special":true,"has_max_level":false,"resources_for":{"wood":8000,"stone":8000,"iron":8000},"resources_for_reduced":{"wood":6000,"stone":6000,"iron":6000},"population_for":60,"population_free":0,"missing_dependencies":{"main":{"needed_level":24,"name":"Senado"},"lumber":{"needed_level":35,"name":"Aserradero"},"ironer":{"needed_level":32,"name":"Mina de plata"},"docks":{"needed_level":5,"name":"Puerto"}},"building_time":"03:16:53","tear_down_time":"00:00:01","group_locked":false},"thermal":{"can_upgrade":false,"can_upgrade_reduced":false,"can_tear_down":false,"enough_storage":true,"enough_resources":false,"level":0,"next_level":1,"tear_down_level":0,"special":true,"has_max_level":false,"resources_for":{"wood":9000,"stone":6000,"iron":9000},"resources_for_reduced":{"wood":6750,"stone":4500,"iron":6750},"population_for":60,"population_free":0,"missing_dependencies":{"main":{"needed_level":24,"name":"Senado"},"farm":{"needed_level":35,"name":"Granja"},"docks":{"needed_level":5,"name":"Puerto"}},"building_time":"03:16:53","tear_down_time":"00:00:01","group_locked":false},"library":{"can_upgrade":false,"can_upgrade_reduced":false,"can_tear_down":false,"enough_storage":false,"enough_resources":false,"level":0,"next_level":1,"tear_down_level":0,"special":true,"has_max_level":false,"resources_for":{"wood":9500,"stone":7500,"iron":7000},"resources_for_reduced":{"wood":7125,"stone":5625,"iron":5250},"population_for":60,"population_free":0,"missing_dependencies":{"main":{"needed_level":24,"name":"Senado"},"academy":{"needed_level":20,"name":"Academia"},"docks":{"needed_level":5,"name":"Puerto"}},"building_time":"03:16:53","tear_down_time":"00:00:01","group_locked":false},"lighthouse":{"can_upgrade":false,"can_upgrade_reduced":false,"can_tear_down":false,"enough_storage":false,"enough_resources":false,"level":0,"next_level":1,"tear_down_level":0,"special":true,"has_max_level":false,"resources_for":{"wood":6000,"stone":10000,"iron":8000},"resources_for_reduced":{"wood":4500,"stone":7500,"iron":6000},"population_for":60,"population_free":0,"missing_dependencies":{"main":{"needed_level":24,"name":"Senado"},"docks":{"needed_level":20,"name":"Puerto"}},"building_time":"03:16:53","tear_down_time":"00:00:01","group_locked":false},"tower":{"can_upgrade":false,"can_upgrade_reduced":false,"can_tear_down":false,"enough_storage":false,"enough_resources":false,"level":0,"next_level":1,"tear_down_level":0,"special":true,"has_max_level":false,"resources_for":{"wood":8000,"stone":10000,"iron":6000},"resources_for_reduced":{"wood":6000,"stone":7500,"iron":4500},"population_for":60,"population_free":0,"missing_dependencies":{"main":{"needed_level":21,"name":"Senado"},"wall":{"needed_level":20,"name":"Muralla de la ciudad"},"market":{"needed_level":5,"name":"Mercado"}},"building_time":"03:16:53","tear_down_time":"00:00:01","group_locked":false},"statue":{"can_upgrade":false,"can_upgrade_reduced":false,"can_tear_down":false,"enough_storage":false,"enough_resources":false,"level":0,"next_level":1,"tear_down_level":0,"special":true,"has_max_level":false,"resources_for":{"wood":6000,"stone":10500,"iron":7500},"resources_for_reduced":{"wood":4500,"stone":7875,"iron":5625},"population_for":60,"population_free":0,"missing_dependencies":{"main":{"needed_level":21,"name":"Senado"},"temple":{"needed_level":12,"name":"Templo"},"market":{"needed_level":5,"name":"Mercado"}},"building_time":"03:16:53","tear_down_time":"00:00:01","group_locked":false},"oracle":{"can_upgrade":false,"can_upgrade_reduced":false,"can_tear_down":false,"enough_storage":false,"enough_resources":false,"level":0,"next_level":1,"tear_down_level":0,"special":true,"has_max_level":false,"resources_for":{"wood":6500,"stone":7000,"iron":9500},"resources_for_reduced":{"wood":4875,"stone":5250,"iron":7125},"population_for":60,"population_free":0,"missing_dependencies":{"main":{"needed_level":21,"name":"Senado"},"hide":{"needed_level":10,"name":"Cueva"},"market":{"needed_level":5,"name":"Mercado"}},"building_time":"03:16:53","tear_down_time":"00:00:01","group_locked":false},"trade_office":{"can_upgrade":false,"can_upgrade_reduced":false,"can_tear_down":false,"enough_storage":false,"enough_resources":false,"level":0,"next_level":1,"tear_down_level":0,"special":true,"has_max_level":false,"resources_for":{"wood":10500,"stone":7000,"iron":6500},"resources_for_reduced":{"wood":7875,"stone":5250,"iron":4875},"population_for":60,"population_free":0,"missing_dependencies":{"main":{"needed_level":21,"name":"Senado"},"market":{"needed_level":15,"name":"Mercado"}},"building_time":"03:16:53","tear_down_time":"00:00:01","group_locked":false}}}},{"c":"BuildingBuildData","d":{"id":12016,"player_id":92520,"town_id":12016,"is_building_order_queue_full":false,"building_data":{"main":{"can_upgrade":false,"can_upgrade_reduced":true,"can_tear_down":true,"enough_storage":true,"enough_resources":false,"level":22,"next_level":23,"tear_down_level":21,"special":false,"has_max_level":false,"resources_for":{"wood":4318,"stone":4737,"iron":2303},"resources_for_reduced":{"wood":3239,"stone":3553,"iron":1728},"population_for":7,"population_free":7,"missing_dependencies":[],"building_time":"03:04:55","tear_down_time":"02:50:42","group_locked":false},"hide":{"can_upgrade":false,"can_upgrade_reduced":true,"can_tear_down":true,"enough_storage":true,"enough_resources":false,"level":6,"next_level":7,"tear_down_level":5,"special":false,"has_max_level":false,"resources_for":{"wood":2133,"stone":2380,"iron":3428},"resources_for_reduced":{"wood":1600,"stone":1785,"iron":2571},"population_for":0,"population_free":1,"missing_dependencies":[],"building_time":"00:09:49","tear_down_time":"00:06:43","group_locked":false},"place":{"can_upgrade":false,"can_upgrade_reduced":false,"can_tear_down":false,"enough_storage":true,"enough_resources":true,"level":1,"next_level":1,"tear_down_level":0,"special":false,"has_max_level":true,"resources_for":{"wood":8,"stone":0,"iron":0},"resources_for_reduced":{"wood":6,"stone":0,"iron":0},"population_for":0,"population_free":0,"missing_dependencies":[],"building_time":"00:00:01","tear_down_time":"00:00:01","group_locked":false},"lumber":{"can_upgrade":true,"can_upgrade_reduced":true,"can_tear_down":true,"enough_storage":true,"enough_resources":true,"level":15,"next_level":16,"tear_down_level":14,"special":false,"has_max_level":false,"resources_for":{"wood":428,"stone":574,"iron":427},"resources_for_reduced":{"wood":321,"stone":431,"iron":321},"population_for":2,"population_free":2,"missing_dependencies":[],"building_time":"00:50:47","tear_down_time":"00:44:56","group_locked":false},"stoner":{"can_upgrade":true,"can_upgrade_reduced":true,"can_tear_down":true,"enough_storage":true,"enough_resources":true,"level":13,"next_level":14,"tear_down_level":12,"special":false,"has_max_level":false,"resources_for":{"wood":282,"stone":332,"iron":520},"resources_for_reduced":{"wood":212,"stone":249,"iron":390},"population_for":3,"population_free":2,"missing_dependencies":[],"building_time":"00:47:21","tear_down_time":"00:42:06","group_locked":false},"ironer":{"can_upgrade":true,"can_upgrade_reduced":true,"can_tear_down":true,"enough_storage":true,"enough_resources":true,"level":12,"next_level":13,"tear_down_level":11,"special":false,"has_max_level":false,"resources_for":{"wood":555,"stone":287,"iron":344},"resources_for_reduced":{"wood":417,"stone":216,"iron":258},"population_for":2,"population_free":2,"missing_dependencies":[],"building_time":"00:47:40","tear_down_time":"00:41:43","group_locked":false},"market":{"can_upgrade":true,"can_upgrade_reduced":true,"can_tear_down":true,"enough_storage":true,"enough_resources":true,"level":5,"next_level":6,"tear_down_level":4,"special":false,"has_max_level":false,"resources_for":{"wood":602,"stone":309,"iron":147},"resources_for_reduced":{"wood":452,"stone":232,"iron":111},"population_for":3,"population_free":2,"missing_dependencies":[],"building_time":"00:07:32","tear_down_time":"00:04:25","group_locked":false},"docks":{"can_upgrade":false,"can_upgrade_reduced":true,"can_tear_down":true,"enough_storage":true,"enough_resources":false,"level":14,"next_level":15,"tear_down_level":13,"special":false,"has_max_level":false,"resources_for":{"wood":3890,"stone":2415,"iron":1671},"resources_for_reduced":{"wood":2918,"stone":1812,"iron":1254},"population_for":4,"population_free":4,"missing_dependencies":[],"building_time":"01:04:21","tear_down_time":"00:59:39","group_locked":false},"barracks":{"can_upgrade":true,"can_upgrade_reduced":true,"can_tear_down":true,"enough_storage":true,"enough_resources":true,"level":8,"next_level":9,"tear_down_level":7,"special":false,"has_max_level":false,"resources_for":{"wood":868,"stone":667,"iron":1002},"resources_for_reduced":{"wood":651,"stone":501,"iron":752},"population_for":3,"population_free":2,"missing_dependencies":[],"building_time":"00:13:39","tear_down_time":"00:06:57","group_locked":false},"wall":{"can_upgrade":false,"can_upgrade_reduced":false,"can_tear_down":true,"enough_storage":true,"enough_resources":false,"level":25,"next_level":25,"tear_down_level":24,"special":false,"has_max_level":true,"resources_for":{"wood":340,"stone":7437,"iron":5864},"resources_for_reduced":{"wood":255,"stone":5578,"iron":4398},"population_for":4,"population_free":4,"missing_dependencies":[],"building_time":"02:15:39","tear_down_time":"02:08:55","group_locked":false},"storage":{"can_upgrade":true,"can_upgrade_reduced":true,"can_tear_down":true,"enough_storage":true,"enough_resources":true,"level":21,"next_level":22,"tear_down_level":20,"special":false,"has_max_level":false,"resources_for":{"wood":3265,"stone":5131,"iron":2157},"resources_for_reduced":{"wood":2449,"stone":3849,"iron":1618},"population_for":0,"population_free":0,"missing_dependencies":[],"building_time":"02:55:52","tear_down_time":"02:46:05","group_locked":false},"farm":{"can_upgrade":false,"can_upgrade_reduced":false,"can_tear_down":true,"enough_storage":true,"enough_resources":false,"level":33,"next_level":34,"tear_down_level":32,"special":false,"has_max_level":false,"resources_for":{"wood":4969,"stone":5461,"iron":4027},"resources_for_reduced":{"wood":3727,"stone":4096,"iron":3021},"population_for":0,"population_free":0,"missing_dependencies":[],"building_time":"04:22:39","tear_down_time":"04:09:39","group_locked":false},"academy":{"can_upgrade":false,"can_upgrade_reduced":false,"can_tear_down":true,"enough_storage":true,"enough_resources":false,"level":30,"next_level":31,"tear_down_level":29,"special":false,"has_max_level":false,"resources_for":{"wood":5419,"stone":7429,"iron":6284},"resources_for_reduced":{"wood":4065,"stone":5572,"iron":4713},"population_for":3,"population_free":3,"missing_dependencies":[],"building_time":"03:11:29","tear_down_time":"03:03:47","group_locked":false},"temple":{"can_upgrade":true,"can_upgrade_reduced":true,"can_tear_down":true,"enough_storage":true,"enough_resources":true,"level":5,"next_level":6,"tear_down_level":4,"special":false,"has_max_level":false,"resources_for":{"wood":1200,"stone":1608,"iron":1329},"resources_for_reduced":{"wood":900,"stone":1206,"iron":997},"population_for":5,"population_free":5,"missing_dependencies":[],"building_time":"00:06:00","tear_down_time":"00:05:20","group_locked":false},"theater":{"can_upgrade":false,"can_upgrade_reduced":false,"can_tear_down":false,"enough_storage":true,"enough_resources":false,"level":0,"next_level":1,"tear_down_level":0,"special":true,"has_max_level":false,"resources_for":{"wood":6800,"stone":6800,"iron":6800},"resources_for_reduced":{"wood":5100,"stone":5100,"iron":5100},"population_for":60,"population_free":0,"missing_dependencies":{"main":{"needed_level":24,"name":"Senado"},"lumber":{"needed_level":35,"name":"Aserradero"},"ironer":{"needed_level":32,"name":"Mina de plata"}},"building_time":"02:21:21","tear_down_time":"00:00:01","group_locked":false},"thermal":{"can_upgrade":false,"can_upgrade_reduced":false,"can_tear_down":false,"enough_storage":true,"enough_resources":false,"level":0,"next_level":1,"tear_down_level":0,"special":true,"has_max_level":false,"resources_for":{"wood":7650,"stone":5100,"iron":7650},"resources_for_reduced":{"wood":5738,"stone":3825,"iron":5738},"population_for":60,"population_free":0,"missing_dependencies":{"main":{"needed_level":24,"name":"Senado"},"farm":{"needed_level":35,"name":"Granja"}},"building_time":"02:21:21","tear_down_time":"00:00:01","group_locked":false},"library":{"can_upgrade":false,"can_upgrade_reduced":false,"can_tear_down":false,"enough_storage":true,"enough_resources":false,"level":0,"next_level":1,"tear_down_level":0,"special":true,"has_max_level":false,"resources_for":{"wood":8075,"stone":6375,"iron":5950},"resources_for_reduced":{"wood":6057,"stone":4782,"iron":4463},"population_for":60,"population_free":0,"missing_dependencies":{"main":{"needed_level":24,"name":"Senado"}},"building_time":"02:21:21","tear_down_time":"00:00:01","group_locked":false},"lighthouse":{"can_upgrade":false,"can_upgrade_reduced":false,"can_tear_down":false,"enough_storage":true,"enough_resources":false,"level":0,"next_level":1,"tear_down_level":0,"special":true,"has_max_level":false,"resources_for":{"wood":5100,"stone":8500,"iron":6800},"resources_for_reduced":{"wood":3825,"stone":6375,"iron":5100},"population_for":60,"population_free":0,"missing_dependencies":{"main":{"needed_level":24,"name":"Senado"},"docks":{"needed_level":20,"name":"Puerto"}},"building_time":"02:21:21","tear_down_time":"00:00:01","group_locked":false},"tower":{"can_upgrade":false,"can_upgrade_reduced":false,"can_tear_down":true,"enough_storage":true,"enough_resources":false,"level":1,"next_level":1,"tear_down_level":0,"special":true,"has_max_level":true,"resources_for":{"wood":6800,"stone":8500,"iron":5100},"resources_for_reduced":{"wood":5100,"stone":6375,"iron":3825},"population_for":60,"population_free":60,"missing_dependencies":[],"building_time":"10:36:08","tear_down_time":"02:21:21","group_locked":false},"statue":{"can_upgrade":false,"can_upgrade_reduced":false,"can_tear_down":false,"enough_storage":true,"enough_resources":false,"level":"-","next_level":1,"tear_down_level":0,"special":true,"has_max_level":true,"resources_for":{"wood":5100,"stone":8925,"iron":6375},"resources_for_reduced":{"wood":3825,"stone":6694,"iron":4782},"population_for":60,"population_free":0,"missing_dependencies":{"temple":{"needed_level":12,"name":"Templo"}},"building_time":"02:21:21","tear_down_time":"00:00:01","group_locked":true},"oracle":{"can_upgrade":false,"can_upgrade_reduced":false,"can_tear_down":false,"enough_storage":true,"enough_resources":false,"level":"-","next_level":1,"tear_down_level":0,"special":true,"has_max_level":true,"resources_for":{"wood":5525,"stone":5950,"iron":8075},"resources_for_reduced":{"wood":4144,"stone":4463,"iron":6057},"population_for":60,"population_free":0,"missing_dependencies":{"hide":{"needed_level":10,"name":"Cueva"}},"building_time":"02:21:21","tear_down_time":"00:00:01","group_locked":true},"trade_office":{"can_upgrade":false,"can_upgrade_reduced":false,"can_tear_down":false,"enough_storage":true,"enough_resources":false,"level":"-","next_level":1,"tear_down_level":0,"special":true,"has_max_level":true,"resources_for":{"wood":8925,"stone":5950,"iron":5525},"resources_for_reduced":{"wood":6694,"stone":4463,"iron":4144},"population_for":60,"population_free":0,"missing_dependencies":{"market":{"needed_level":15,"name":"Mercado"}},"building_time":"02:21:21","tear_down_time":"00:00:01","group_locked":true}}}},{"c":"BuildingBuildData","d":{"id":11886,"player_id":92520,"town_id":11886,"is_building_order_queue_full":false,"building_data":{"main":{"can_upgrade":false,"can_upgrade_reduced":false,"can_tear_down":true,"enough_storage":true,"enough_resources":false,"level":18,"next_level":19,"tear_down_level":17,"special":false,"has_max_level":false,"resources_for":{"wood":3369,"stone":3438,"iron":1746},"resources_for_reduced":{"wood":2527,"stone":2579,"iron":1310},"population_for":6,"population_free":6,"missing_dependencies":[],"building_time":"02:43:58","tear_down_time":"02:28:46","group_locked":false},"hide":{"can_upgrade":true,"can_upgrade_reduced":true,"can_tear_down":true,"enough_storage":true,"enough_resources":true,"level":2,"next_level":3,"tear_down_level":1,"special":false,"has_max_level":false,"resources_for":{"wood":834,"stone":1200,"iron":1882},"resources_for_reduced":{"wood":626,"stone":900,"iron":1412},"population_for":1,"population_free":2,"missing_dependencies":[],"building_time":"00:01:32","tear_down_time":"00:00:34","group_locked":false},"place":{"can_upgrade":false,"can_upgrade_reduced":false,"can_tear_down":false,"enough_storage":true,"enough_resources":true,"level":1,"next_level":1,"tear_down_level":0,"special":false,"has_max_level":true,"resources_for":{"wood":10,"stone":0,"iron":0},"resources_for_reduced":{"wood":8,"stone":0,"iron":0},"population_for":0,"population_free":0,"missing_dependencies":[],"building_time":"00:00:01","tear_down_time":"00:00:01","group_locked":false},"lumber":{"can_upgrade":true,"can_upgrade_reduced":true,"can_tear_down":true,"enough_storage":true,"enough_resources":true,"level":13,"next_level":14,"tear_down_level":12,"special":false,"has_max_level":false,"resources_for":{"wood":391,"stone":510,"iron":380},"resources_for_reduced":{"wood":294,"stone":383,"iron":285},"population_for":3,"population_free":2,"missing_dependencies":[],"building_time":"00:50:34","tear_down_time":"00:44:57","group_locked":false},"stoner":{"can_upgrade":true,"can_upgrade_reduced":true,"can_tear_down":true,"enough_storage":true,"enough_resources":true,"level":11,"next_level":12,"tear_down_level":10,"special":false,"has_max_level":false,"resources_for":{"wood":240,"stone":292,"iron":443},"resources_for_reduced":{"wood":180,"stone":219,"iron":333},"population_for":2,"population_free":3,"missing_dependencies":[],"building_time":"00:46:04","tear_down_time":"00:39:29","group_locked":false},"ironer":{"can_upgrade":true,"can_upgrade_reduced":true,"can_tear_down":true,"enough_storage":true,"enough_resources":true,"level":11,"next_level":12,"tear_down_level":10,"special":false,"has_max_level":false,"resources_for":{"wood":562,"stone":288,"iron":350},"resources_for_reduced":{"wood":422,"stone":216,"iron":263},"population_for":2,"population_free":3,"missing_dependencies":[],"building_time":"00:52:10","tear_down_time":"00:44:43","group_locked":false},"market":{"can_upgrade":true,"can_upgrade_reduced":true,"can_tear_down":true,"enough_storage":true,"enough_resources":true,"level":5,"next_level":6,"tear_down_level":4,"special":false,"has_max_level":false,"resources_for":{"wood":709,"stone":364,"iron":174},"resources_for_reduced":{"wood":532,"stone":273,"iron":131},"population_for":3,"population_free":2,"missing_dependencies":[],"building_time":"00:09:25","tear_down_time":"00:05:32","group_locked":false},"docks":{"can_upgrade":false,"can_upgrade_reduced":false,"can_tear_down":false,"enough_storage":true,"enough_resources":true,"level":0,"next_level":1,"tear_down_level":0,"special":false,"has_max_level":false,"resources_for":{"wood":400,"stone":200,"iron":100},"resources_for_reduced":{"wood":300,"stone":150,"iron":75},"population_for":4,"population_free":0,"missing_dependencies":{"lumber":{"needed_level":15,"name":"Aserradero"}},"building_time":"00:00:22","tear_down_time":"00:00:01","group_locked":false},"barracks":{"can_upgrade":true,"can_upgrade_reduced":true,"can_tear_down":true,"enough_storage":true,"enough_resources":true,"level":7,"next_level":8,"tear_down_level":6,"special":false,"has_max_level":false,"resources_for":{"wood":885,"stone":644,"iron":984},"resources_for_reduced":{"wood":664,"stone":483,"iron":738},"population_for":2,"population_free":2,"missing_dependencies":[],"building_time":"00:08:42","tear_down_time":"00:04:34","group_locked":false},"wall":{"can_upgrade":true,"can_upgrade_reduced":true,"can_tear_down":true,"enough_storage":true,"enough_resources":true,"level":4,"next_level":5,"tear_down_level":3,"special":false,"has_max_level":false,"resources_for":{"wood":400,"stone":1750,"iron":1175},"resources_for_reduced":{"wood":300,"stone":1313,"iron":882},"population_for":3,"population_free":2,"missing_dependencies":[],"building_time":"00:08:57","tear_down_time":"00:05:22","group_locked":false},"storage":{"can_upgrade":false,"can_upgrade_reduced":false,"can_tear_down":true,"enough_storage":true,"enough_resources":false,"level":15,"next_level":16,"tear_down_level":14,"special":false,"has_max_level":false,"resources_for":{"wood":2368,"stone":3721,"iron":1496},"resources_for_reduced":{"wood":1776,"stone":2791,"iron":1122},"population_for":0,"population_free":0,"missing_dependencies":[],"building_time":"02:28:40","tear_down_time":"02:17:20","group_locked":false},"farm":{"can_upgrade":false,"can_upgrade_reduced":false,"can_tear_down":true,"enough_storage":true,"enough_resources":false,"level":27,"next_level":28,"tear_down_level":26,"special":false,"has_max_level":false,"resources_for":{"wood":4067,"stone":4332,"iron":2973},"resources_for_reduced":{"wood":3051,"stone":3249,"iron":2230},"population_for":0,"population_free":0,"missing_dependencies":[],"building_time":"03:56:09","tear_down_time":"03:42:00","group_locked":false},"academy":{"can_upgrade":true,"can_upgrade_reduced":true,"can_tear_down":true,"enough_storage":true,"enough_resources":true,"level":5,"next_level":6,"tear_down_level":4,"special":false,"has_max_level":false,"resources_for":{"wood":874,"stone":1435,"iron":1030},"resources_for_reduced":{"wood":656,"stone":1077,"iron":773},"population_for":3,"population_free":3,"missing_dependencies":[],"building_time":"00:16:36","tear_down_time":"00:11:01","group_locked":false},"temple":{"can_upgrade":true,"can_upgrade_reduced":true,"can_tear_down":true,"enough_storage":true,"enough_resources":true,"level":4,"next_level":5,"tear_down_level":3,"special":false,"has_max_level":false,"resources_for":{"wood":804,"stone":1110,"iron":898},"resources_for_reduced":{"wood":603,"stone":833,"iron":674},"population_for":5,"population_free":5,"missing_dependencies":[],"building_time":"00:05:20","tear_down_time":"00:05:15","group_locked":false},"theater":{"can_upgrade":false,"can_upgrade_reduced":false,"can_tear_down":false,"enough_storage":true,"enough_resources":false,"level":0,"next_level":1,"tear_down_level":0,"special":true,"has_max_level":false,"resources_for":{"wood":8000,"stone":8000,"iron":8000},"resources_for_reduced":{"wood":6000,"stone":6000,"iron":6000},"population_for":60,"population_free":0,"missing_dependencies":{"main":{"needed_level":24,"name":"Senado"},"lumber":{"needed_level":35,"name":"Aserradero"},"ironer":{"needed_level":32,"name":"Mina de plata"},"docks":{"needed_level":5,"name":"Puerto"}},"building_time":"02:56:48","tear_down_time":"00:00:01","group_locked":false},"thermal":{"can_upgrade":false,"can_upgrade_reduced":false,"can_tear_down":false,"enough_storage":true,"enough_resources":false,"level":0,"next_level":1,"tear_down_level":0,"special":true,"has_max_level":false,"resources_for":{"wood":9000,"stone":6000,"iron":9000},"resources_for_reduced":{"wood":6750,"stone":4500,"iron":6750},"population_for":60,"population_free":0,"missing_dependencies":{"main":{"needed_level":24,"name":"Senado"},"farm":{"needed_level":35,"name":"Granja"},"docks":{"needed_level":5,"name":"Puerto"}},"building_time":"02:56:48","tear_down_time":"00:00:01","group_locked":false},"library":{"can_upgrade":false,"can_upgrade_reduced":false,"can_tear_down":false,"enough_storage":false,"enough_resources":false,"level":0,"next_level":1,"tear_down_level":0,"special":true,"has_max_level":false,"resources_for":{"wood":9500,"stone":7500,"iron":7000},"resources_for_reduced":{"wood":7125,"stone":5625,"iron":5250},"population_for":60,"population_free":0,"missing_dependencies":{"main":{"needed_level":24,"name":"Senado"},"academy":{"needed_level":20,"name":"Academia"},"docks":{"needed_level":5,"name":"Puerto"}},"building_time":"02:56:48","tear_down_time":"00:00:01","group_locked":false},"lighthouse":{"can_upgrade":false,"can_upgrade_reduced":false,"can_tear_down":false,"enough_storage":false,"enough_resources":false,"level":0,"next_level":1,"tear_down_level":0,"special":true,"has_max_level":false,"resources_for":{"wood":6000,"stone":10000,"iron":8000},"resources_for_reduced":{"wood":4500,"stone":7500,"iron":6000},"population_for":60,"population_free":0,"missing_dependencies":{"main":{"needed_level":24,"name":"Senado"},"docks":{"needed_level":20,"name":"Puerto"}},"building_time":"02:56:48","tear_down_time":"00:00:01","group_locked":false},"tower":{"can_upgrade":false,"can_upgrade_reduced":false,"can_tear_down":false,"enough_storage":false,"enough_resources":false,"level":0,"next_level":1,"tear_down_level":0,"special":true,"has_max_level":false,"resources_for":{"wood":8000,"stone":10000,"iron":6000},"resources_for_reduced":{"wood":6000,"stone":7500,"iron":4500},"population_for":60,"population_free":0,"missing_dependencies":{"main":{"needed_level":21,"name":"Senado"},"wall":{"needed_level":20,"name":"Muralla de la ciudad"},"temple":{"needed_level":5,"name":"Templo"}},"building_time":"02:56:48","tear_down_time":"00:00:01","group_locked":false},"statue":{"can_upgrade":false,"can_upgrade_reduced":false,"can_tear_down":false,"enough_storage":false,"enough_resources":false,"level":0,"next_level":1,"tear_down_level":0,"special":true,"has_max_level":false,"resources_for":{"wood":6000,"stone":10500,"iron":7500},"resources_for_reduced":{"wood":4500,"stone":7875,"iron":5625},"population_for":60,"population_free":0,"missing_dependencies":{"main":{"needed_level":21,"name":"Senado"},"temple":{"needed_level":12,"name":"Templo"}},"building_time":"02:56:48","tear_down_time":"00:00:01","group_locked":false},"oracle":{"can_upgrade":false,"can_upgrade_reduced":false,"can_tear_down":false,"enough_storage":false,"enough_resources":false,"level":0,"next_level":1,"tear_down_level":0,"special":true,"has_max_level":false,"resources_for":{"wood":6500,"stone":7000,"iron":9500},"resources_for_reduced":{"wood":4875,"stone":5250,"iron":7125},"population_for":60,"population_free":0,"missing_dependencies":{"main":{"needed_level":21,"name":"Senado"},"hide":{"needed_level":10,"name":"Cueva"},"temple":{"needed_level":5,"name":"Templo"}},"building_time":"02:56:48","tear_down_time":"00:00:01","group_locked":false},"trade_office":{"can_upgrade":false,"can_upgrade_reduced":false,"can_tear_down":false,"enough_storage":false,"enough_resources":false,"level":0,"next_level":1,"tear_down_level":0,"special":true,"has_max_level":false,"resources_for":{"wood":10500,"stone":7000,"iron":6500},"resources_for_reduced":{"wood":7875,"stone":5250,"iron":4875},"population_for":60,"population_free":0,"missing_dependencies":{"main":{"needed_level":21,"name":"Senado"},"market":{"needed_level":15,"name":"Mercado"},"temple":{"needed_level":5,"name":"Templo"}},"building_time":"02:56:48","tear_down_time":"00:00:01","group_locked":false}}}},{"c":"BuildingBuildData","d":{"id":12536,"player_id":92520,"town_id":12536,"is_building_order_queue_full":false,"building_data":{"main":{"can_upgrade":false,"can_upgrade_reduced":false,"can_tear_down":true,"enough_storage":true,"enough_resources":false,"level":15,"next_level":16,"tear_down_level":14,"special":false,"has_max_level":false,"resources_for":{"wood":2328,"stone":2226,"iron":1176},"resources_for_reduced":{"wood":1746,"stone":1670,"iron":882},"population_for":5,"population_free":6,"missing_dependencies":[],"building_time":"02:09:32","tear_down_time":"01:55:20","group_locked":false},"hide":{"can_upgrade":false,"can_upgrade_reduced":false,"can_tear_down":false,"enough_storage":true,"enough_resources":false,"level":1,"next_level":2,"tear_down_level":0,"special":false,"has_max_level":false,"resources_for":{"wood":492,"stone":800,"iron":1306},"resources_for_reduced":{"wood":369,"stone":600,"iron":980},"population_for":2,"population_free":3,"missing_dependencies":[],"building_time":"00:03:23","tear_down_time":"00:01:14","group_locked":false},"place":{"can_upgrade":false,"can_upgrade_reduced":false,"can_tear_down":false,"enough_storage":true,"enough_resources":true,"level":1,"next_level":1,"tear_down_level":0,"special":false,"has_max_level":true,"resources_for":{"wood":10,"stone":0,"iron":0},"resources_for_reduced":{"wood":8,"stone":0,"iron":0},"population_for":0,"population_free":0,"missing_dependencies":[],"building_time":"00:00:01","tear_down_time":"00:00:01","group_locked":false},"lumber":{"can_upgrade":false,"can_upgrade_reduced":false,"can_tear_down":true,"enough_storage":true,"enough_resources":false,"level":17,"next_level":18,"tear_down_level":16,"special":false,"has_max_level":false,"resources_for":{"wood":631,"stone":865,"iron":645},"resources_for_reduced":{"wood":474,"stone":649,"iron":484},"population_for":3,"population_free":3,"missing_dependencies":[],"building_time":"01:25:31","tear_down_time":"01:16:43","group_locked":false},"stoner":{"can_upgrade":false,"can_upgrade_reduced":true,"can_tear_down":true,"enough_storage":true,"enough_resources":false,"level":15,"next_level":16,"tear_down_level":14,"special":false,"has_max_level":false,"resources_for":{"wood":439,"stone":504,"iron":811},"resources_for_reduced":{"wood":330,"stone":378,"iron":609},"population_for":2,"population_free":2,"missing_dependencies":[],"building_time":"01:18:38","tear_down_time":"01:10:50","group_locked":false},"ironer":{"can_upgrade":true,"can_upgrade_reduced":true,"can_tear_down":true,"enough_storage":true,"enough_resources":true,"level":14,"next_level":15,"tear_down_level":13,"special":false,"has_max_level":false,"resources_for":{"wood":858,"stone":450,"iron":524},"resources_for_reduced":{"wood":644,"stone":338,"iron":393},"population_for":2,"population_free":3,"missing_dependencies":[],"building_time":"01:20:13","tear_down_time":"01:12:12","group_locked":false},"market":{"can_upgrade":true,"can_upgrade_reduced":true,"can_tear_down":true,"enough_storage":true,"enough_resources":true,"level":6,"next_level":7,"tear_down_level":5,"special":false,"has_max_level":false,"resources_for":{"wood":891,"stone":468,"iron":236},"resources_for_reduced":{"wood":669,"stone":351,"iron":177},"population_for":3,"population_free":3,"missing_dependencies":[],"building_time":"00:25:35","tear_down_time":"00:18:46","group_locked":false},"docks":{"can_upgrade":false,"can_upgrade_reduced":true,"can_tear_down":true,"enough_storage":true,"enough_resources":false,"level":2,"next_level":3,"tear_down_level":1,"special":false,"has_max_level":false,"resources_for":{"wood":1075,"stone":587,"iron":335},"resources_for_reduced":{"wood":807,"stone":441,"iron":252},"population_for":4,"population_free":4,"missing_dependencies":[],"building_time":"00:14:45","tear_down_time":"00:09:27","group_locked":false},"barracks":{"can_upgrade":true,"can_upgrade_reduced":true,"can_tear_down":true,"enough_storage":true,"enough_resources":true,"level":4,"next_level":5,"tear_down_level":3,"special":false,"has_max_level":false,"resources_for":{"wood":499,"stone":294,"iron":477},"resources_for_reduced":{"wood":375,"stone":221,"iron":358},"population_for":2,"population_free":2,"missing_dependencies":[],"building_time":"00:05:20","tear_down_time":"00:05:15","group_locked":false},"wall":{"can_upgrade":false,"can_upgrade_reduced":false,"can_tear_down":false,"enough_storage":true,"enough_resources":true,"level":0,"next_level":1,"tear_down_level":0,"special":false,"has_max_level":false,"resources_for":{"wood":400,"stone":350,"iron":200},"resources_for_reduced":{"wood":300,"stone":263,"iron":150},"population_for":2,"population_free":0,"missing_dependencies":{"temple":{"needed_level":3,"name":"Templo"}},"building_time":"00:02:39","tear_down_time":"00:00:01","group_locked":false},"storage":{"can_upgrade":false,"can_upgrade_reduced":false,"can_tear_down":true,"enough_storage":true,"enough_resources":false,"level":12,"next_level":13,"tear_down_level":11,"special":false,"has_max_level":false,"resources_for":{"wood":1727,"stone":2714,"iron":1060},"resources_for_reduced":{"wood":1296,"stone":2036,"iron":795},"population_for":0,"population_free":0,"missing_dependencies":[],"building_time":"01:43:28","tear_down_time":"01:28:41","group_locked":false},"farm":{"can_upgrade":false,"can_upgrade_reduced":false,"can_tear_down":true,"enough_storage":true,"enough_resources":false,"level":19,"next_level":20,"tear_down_level":18,"special":false,"has_max_level":false,"resources_for":{"wood":2168,"stone":2188,"iron":1326},"resources_for_reduced":{"wood":1626,"stone":1641,"iron":995},"population_for":0,"population_free":0,"missing_dependencies":[],"building_time":"02:23:28","tear_down_time":"02:11:29","group_locked":false},"academy":{"can_upgrade":false,"can_upgrade_reduced":false,"can_tear_down":false,"enough_storage":true,"enough_resources":true,"level":0,"next_level":1,"tear_down_level":0,"special":false,"has_max_level":false,"resources_for":{"wood":100,"stone":200,"iron":120},"resources_for_reduced":{"wood":75,"stone":150,"iron":90},"population_for":3,"population_free":0,"missing_dependencies":{"barracks":{"needed_level":5,"name":"Cuartel"}},"building_time":"00:03:31","tear_down_time":"00:00:01","group_locked":false},"temple":{"can_upgrade":true,"can_upgrade_reduced":true,"can_tear_down":false,"enough_storage":true,"enough_resources":true,"level":1,"next_level":2,"tear_down_level":0,"special":false,"has_max_level":false,"resources_for":{"wood":91,"stone":146,"iron":105},"resources_for_reduced":{"wood":69,"stone":110,"iron":79},"population_for":5,"population_free":5,"missing_dependencies":[],"building_time":"00:05:05","tear_down_time":"00:03:20","group_locked":false},"theater":{"can_upgrade":false,"can_upgrade_reduced":false,"can_tear_down":false,"enough_storage":false,"enough_resources":false,"level":0,"next_level":1,"tear_down_level":0,"special":true,"has_max_level":false,"resources_for":{"wood":8000,"stone":8000,"iron":8000},"resources_for_reduced":{"wood":6000,"stone":6000,"iron":6000},"population_for":60,"population_free":0,"missing_dependencies":{"main":{"needed_level":24,"name":"Senado"},"lumber":{"needed_level":35,"name":"Aserradero"},"ironer":{"needed_level":32,"name":"Mina de plata"},"docks":{"needed_level":5,"name":"Puerto"},"academy":{"needed_level":5,"name":"Academia"}},"building_time":"03:10:18","tear_down_time":"00:00:01","group_locked":false},"thermal":{"can_upgrade":false,"can_upgrade_reduced":false,"can_tear_down":false,"enough_storage":false,"enough_resources":false,"level":0,"next_level":1,"tear_down_level":0,"special":true,"has_max_level":false,"resources_for":{"wood":9000,"stone":6000,"iron":9000},"resources_for_reduced":{"wood":6750,"stone":4500,"iron":6750},"population_for":60,"population_free":0,"missing_dependencies":{"main":{"needed_level":24,"name":"Senado"},"farm":{"needed_level":35,"name":"Granja"},"docks":{"needed_level":5,"name":"Puerto"},"academy":{"needed_level":5,"name":"Academia"}},"building_time":"03:10:18","tear_down_time":"00:00:01","group_locked":false},"library":{"can_upgrade":false,"can_upgrade_reduced":false,"can_tear_down":false,"enough_storage":false,"enough_resources":false,"level":0,"next_level":1,"tear_down_level":0,"special":true,"has_max_level":false,"resources_for":{"wood":9500,"stone":7500,"iron":7000},"resources_for_reduced":{"wood":7125,"stone":5625,"iron":5250},"population_for":60,"population_free":0,"missing_dependencies":{"main":{"needed_level":24,"name":"Senado"},"academy":{"needed_level":20,"name":"Academia"},"docks":{"needed_level":5,"name":"Puerto"}},"building_time":"03:10:18","tear_down_time":"00:00:01","group_locked":false},"lighthouse":{"can_upgrade":false,"can_upgrade_reduced":false,"can_tear_down":false,"enough_storage":false,"enough_resources":false,"level":0,"next_level":1,"tear_down_level":0,"special":true,"has_max_level":false,"resources_for":{"wood":6000,"stone":10000,"iron":8000},"resources_for_reduced":{"wood":4500,"stone":7500,"iron":6000},"population_for":60,"population_free":0,"missing_dependencies":{"main":{"needed_level":24,"name":"Senado"},"docks":{"needed_level":20,"name":"Puerto"},"academy":{"needed_level":5,"name":"Academia"}},"building_time":"03:10:18","tear_down_time":"00:00:01","group_locked":false},"tower":{"can_upgrade":false,"can_upgrade_reduced":false,"can_tear_down":false,"enough_storage":false,"enough_resources":false,"level":0,"next_level":1,"tear_down_level":0,"special":true,"has_max_level":false,"resources_for":{"wood":8000,"stone":10000,"iron":6000},"resources_for_reduced":{"wood":6000,"stone":7500,"iron":4500},"population_for":60,"population_free":0,"missing_dependencies":{"main":{"needed_level":21,"name":"Senado"},"wall":{"needed_level":20,"name":"Muralla de la ciudad"},"temple":{"needed_level":5,"name":"Templo"}},"building_time":"03:10:18","tear_down_time":"00:00:01","group_locked":false},"statue":{"can_upgrade":false,"can_upgrade_reduced":false,"can_tear_down":false,"enough_storage":false,"enough_resources":false,"level":0,"next_level":1,"tear_down_level":0,"special":true,"has_max_level":false,"resources_for":{"wood":6000,"stone":10500,"iron":7500},"resources_for_reduced":{"wood":4500,"stone":7875,"iron":5625},"population_for":60,"population_free":0,"missing_dependencies":{"main":{"needed_level":21,"name":"Senado"},"temple":{"needed_level":12,"name":"Templo"}},"building_time":"03:10:18","tear_down_time":"00:00:01","group_locked":false},"oracle":{"can_upgrade":false,"can_upgrade_reduced":false,"can_tear_down":false,"enough_storage":false,"enough_resources":false,"level":0,"next_level":1,"tear_down_level":0,"special":true,"has_max_level":false,"resources_for":{"wood":6500,"stone":7000,"iron":9500},"resources_for_reduced":{"wood":4875,"stone":5250,"iron":7125},"population_for":60,"population_free":0,"missing_dependencies":{"main":{"needed_level":21,"name":"Senado"},"hide":{"needed_level":10,"name":"Cueva"},"temple":{"needed_level":5,"name":"Templo"}},"building_time":"03:10:18","tear_down_time":"00:00:01","group_locked":false},"trade_office":{"can_upgrade":false,"can_upgrade_reduced":false,"can_tear_down":false,"enough_storage":false,"enough_resources":false,"level":0,"next_level":1,"tear_down_level":0,"special":true,"has_max_level":false,"resources_for":{"wood":10500,"stone":7000,"iron":6500},"resources_for_reduced":{"wood":7875,"stone":5250,"iron":4875},"population_for":60,"population_free":0,"missing_dependencies":{"main":{"needed_level":21,"name":"Senado"},"market":{"needed_level":15,"name":"Mercado"},"temple":{"needed_level":5,"name":"Templo"}},"building_time":"03:10:18","tear_down_time":"00:00:01","group_locked":false}}}}]}},"t_token":12016,"notifications":[{"id":47665480,"time":1676922827,"type":"resourcetransport","param_id":1204110,"param_str":null,"subject":"Se ha completado la entrega de recursos de Giga a iiiiiiiiii."}],"next_fetch_in":300},"_srvtime":1676932774,"version":"2.281.1","update":"unknown","language":"es_ES"}