{"json":{"success":"Los recursos se han enviado correctamente.","t_token":12016,"notifications":[{"type":"backbone","param_str":"{\"Town\":{\"player_id\":92520,\"name\":\"iiiiiiiiii\",\"island_x\":421,\"island_y\":458,\"resources_last_update\":1676932791,\"resource_rare\":\"wood\",\"resource_plenty\":\"stone\",\"population_extra\":50,\"god\":\"poseidon\",\"points\":5041,\"espionage_storage\":0,\"id\":12016,\"available_population\":878,\"last_wood\":3168,\"last_stone\":8784,\"last_iron\":2790,\"population\":{\"max\":2517,\"blocked\":1639},\"max_trade_capacity\":2500,\"link_fragment\":\"eyJpZCI6MTIwMTYsIml4Ijo0MjEsIml5Ijo0NTgsIm5hbWUiOiJpaWlpaWlpaWlpIn0=\",\"resources\":{\"wood\":3168,\"stone\":8784,\"iron\":2790},\"resources_contraints\":{\"plenty\":\"stone\",\"rare\":\"wood\"},\"production\":{\"wood\":318,\"stone\":268,\"iron\":244},\"storage\":16939,\"sea_id\":44,\"island_id\":52971,\"island_type\":42,\"abs_x\":54065,\"abs_y\":59068,\"on_small_island\":false,\"available_trade_capacity\":2000,\"conquest\":false,\"has_conqueror\":false}}","player_id":92520,"param_id":12016,"subject":"Town","time":1676932791},{"type":"backbone","param_str":"{\"Trade\":{\"origin_town_id\":null,\"origin_town_name\":null,\"origin_ix\":null,\"origin_iy\":null,\"origin_town_player_id\":null,\"origin_farm_town_id\":1900,\"origin_farm_town_name\":\"Giga\",\"origin_farm_relation\":1,\"destination_town_id\":12016,\"destination_town_name\":\"iiiiiiiiii\",\"destination_ix\":421,\"destination_iy\":458,\"destination_town_player_id\":92520,\"destination_farm_town_id\":null,\"destination_farm_town_name\":null,\"destination_farm_relation\":null,\"wonder_type\":null,\"wonder_ix\":null,\"wonder_iy\":null,\"id\":1420362,\"wood\":0,\"stone\":560,\"iron\":0,\"gold\":0,\"started_at\":1676932791,\"arrival_at\":1676932921,\"origin_town_type\":\"game_farm_town\",\"destination_town_type\":\"game_town\",\"in_exchange\":true,\"arrival_seconds_left\":130,\"cancelable\":false,\"origin_town_link\":\"<a href=\\\"#eyJpZCI6MTkwMCwidHAiOiJmYXJtX3Rvd24iLCJuYW1lIjoiR2lnYSIsInJlbGF0aW9uX3N0YXR1cyI6MX0=\\\" class=\\\"gp_town_link\\\">Giga (Aldea)<\\\/a>\",\"destination_town_link\":\"<a href=\\\"#eyJpZCI6MTIwMTYsIml4Ijo0MjEsIml5Ijo0NTgsInRwIjoidG93biIsIm5hbWUiOiJpaWlpaWlpaWlpIn0=\\\" title=\\\"iiiiiiiiii\\\" class=\\\"gp_town_link\\\">iiiiiiiiii<\\\/a>\"}}","player_id":92520,"param_id":1420362,"subject":"Trade","time":1676932791},{"type":"backbone","param_str":"{\"Trade\":{\"origin_town_id\":12016,\"origin_town_name\":\"iiiiiiiiii\",\"origin_ix\":421,\"origin_iy\":458,\"origin_town_player_id\":92520,\"origin_farm_town_id\":null,\"origin_farm_town_name\":null,\"origin_farm_relation\":null,\"destination_town_id\":null,\"destination_town_name\":null,\"destination_ix\":null,\"destination_iy\":null,\"destination_town_player_id\":null,\"destination_farm_town_id\":1900,\"destination_farm_town_name\":\"Giga\",\"destination_farm_relation\":1,\"wonder_type\":null,\"wonder_ix\":null,\"wonder_iy\":null,\"id\":1420363,\"wood\":500,\"stone\":0,\"iron\":0,\"gold\":0,\"started_at\":1676932791,\"arrival_at\":1676932921,\"origin_town_type\":\"game_town\",\"destination_town_type\":\"game_farm_town\",\"in_exchange\":true,\"arrival_seconds_left\":130,\"cancelable\":false,\"origin_town_link\":\"<a href=\\\"#eyJpZCI6MTIwMTYsIml4Ijo0MjEsIml5Ijo0NTgsInRwIjoidG93biIsIm5hbWUiOiJpaWlpaWlpaWlpIn0=\\\" title=\\\"iiiiiiiiii\\\" class=\\\"gp_town_link\\\">iiiiiiiiii<\\\/a>\",\"destination_town_link\":\"<a href=\\\"#eyJpZCI6MTkwMCwidHAiOiJmYXJtX3Rvd24iLCJuYW1lIjoiR2lnYSIsInJlbGF0aW9uX3N0YXR1cyI6MX0=\\\" class=\\\"gp_town_link\\\">Giga (Aldea)<\\\/a>\"}}","player_id":92520,"param_id":1420363,"subject":"Trade","time":1676932791},{"type":"backbone","param_str":"{\"FarmTownPlayerRelation\":{\"id\":81772,\"farm_town_id\":1900,\"player_id\":92520,\"updated_at\":1676932791,\"trade_ratio\":1.02,\"ratio_updated_at\":1676932791,\"lootable_at\":1676933011,\"last_looted_at\":1676932411,\"relation_status\":1,\"loot\":6177,\"expansion_stage\":5,\"expansion_at\":null,\"lootcap_reset_at\":1676934000,\"upgrade_cost\":100,\"upgrade_time\":9600}}","player_id":92520,"param_id":81772,"subject":"FarmTownPlayerRelation","time":1676932791}],"next_fetch_in":300},"_srvtime":1676932791,"version":"2.281.1","update":"unknown","language":"es_ES"}